Date,Price,Open,High,Low,,
11/17/2024,123.8587,121.4654,123.8587,121.4654,,
11/10/2024,121.2884,123.2507,123.9567,121.7004,,
11/3/2024,120.7507,122.7902,123.8231,120.95,,
10/27/2024,120.2902,122.0504,122.96,120.1415,,
10/20/2024,119.5504,120.2263,122.0504,118.2119,,
10/13/2024,117.582,120.136,121.1369,118.16,,
10/6/2024,120.136,119.4661,122.636,119.4661,,
9/29/2024,119.4661,117.7532,121.107,116.9366,,
9/22/2024,117.7532,119.2164,120.397,117.7532,,
9/15/2024,119.2164,113.884,119.2222,113.884,,
9/8/2024,113.884,113.6494,117.1652,113.0167,,
9/1/2024,113.6494,111.0682,114.7777,111.0146,,
8/25/2024,111.0682,110.9495,113.6483,110.0757,,
8/18/2024,110.9495,109.441,110.9495,108.9895,,
8/11/2024,109.441,103.1196,110.6005,103.1196,,
8/4/2024,103.1196,80.4352,106.7366,80.4352,,
7/28/2024,80.5,57.813,80.9849,57.813,,
7/21/2024,57.4895,57.7933,57.8159,57.7224,,
7/14/2024,57.4499,57.7723,57.7933,57.6632,,
7/7/2024,57.4079,57.7533,57.7752,57.6624,,
6/30/2024,57.3701,57.7315,57.7562,57.322,,
6/23/2024,57.3265,57.701,57.7345,57.5274,,
6/16/2024,57.701,57.6657,57.7038,57.3838,,
6/9/2024,57.6657,57.5075,57.6657,57.4,,
6/2/2024,57.1246,57.4703,57.5103,56.9138,,
5/26/2024,57.0504,57.4578,57.4733,57.075,,
5/19/2024,57.4578,57.4395,57.4607,57.05,,
5/12/2024,57.4395,57.3988,57.4425,57.19,,
5/5/2024,57.4202,57.4048,57.4231,56.8415,,
4/28/2024,57.4048,57.3903,57.4048,56.875,,
4/21/2024,57.3903,56.923,57.3903,56.8778,,
4/14/2024,56.8204,56.8843,57.1602,56.8377,,
4/7/2024,56.7432,56.8554,57.0466,56.8128,,
3/31/2024,56.6853,56.8246,57.0426,56.65,,
3/24/2024,56.6236,56.805,57.0118,56.7627,,
3/17/2024,56.5845,56.7864,56.9173,56.6481,,
3/10/2024,56.5472,56.7668,56.8486,56.7386,,
3/3/2024,56.5082,56.7485,56.8291,56.7127,,
2/25/2024,56.4715,56.7152,56.8,56.6974,,
2/18/2024,56.4049,56.6822,56.718,56.4889,,
2/11/2024,56.3389,56.6445,56.6851,56.534,,
2/4/2024,56.2635,56.6091,56.6474,56.475,,
1/28/2024,56.1927,56.5866,56.617,56.4,,
1/21/2024,56.5866,56.5698,56.5895,56.35,,
1/14/2024,56.5698,56.5549,56.5727,56.3459,,
1/7/2024,56.5549,56.5255,56.5549,56.3,,
12/31/2023,56.5255,56.3266,56.5378,56.135,,
12/24/2023,55.9969,56.2889,56.3295,56.125,,
12/17/2023,55.9214,56.2525,56.3107,56.0968,,
12/10/2023,55.8487,56.2149,56.2583,55.77,,
12/3/2023,56.2149,56.1832,56.2178,55.7,,
11/26/2023,56.1832,56.1639,56.1832,55.67,,
11/19/2023,56.1639,55.9288,56.1639,55.575,,
11/12/2023,55.6353,55.8028,55.9316,55.5416,,
11/5/2023,55.5969,55.8918,55.9124,55.49,,
10/29/2023,55.5613,55.8586,55.8946,55.45,,
10/22/2023,55.4947,55.8231,55.8642,55.4,,
10/15/2023,55.4237,55.6418,55.8259,55.35,,
10/8/2023,55.7882,55.7486,55.791,55.275,,
10/1/2023,55.7486,55.7224,55.7486,55.225,,
9/24/2023,55.7224,55.3063,55.7224,55.24,,
9/17/2023,55.1992,55.29,55.4752,55.175,,
9/10/2023,55.1666,55.2762,55.4308,55.15,,
9/3/2023,55.1391,55.2583,55.4148,55.01,,
8/27/2023,55.1032,55.2247,55.3787,55.2021,,
8/20/2023,55.0361,55.1873,55.3024,54.94,,
8/13/2023,54.9613,55.1516,55.2361,54.85,,
8/6/2023,54.8899,55.114,55.1643,55.0873,,
7/30/2023,54.8147,55.0825,55.1167,54.75,,
7/23/2023,54.7517,55.0639,55.0961,54.705,,
7/16/2023,54.7145,54.9568,55.0765,54.66,,
7/9/2023,54.6735,55.0251,55.1097,54.6,,
7/2/2023,54.6369,55.0038,55.044,54.52,,
6/25/2023,55.0038,54.9762,55.1073,54.53,,
6/18/2023,54.9762,54.9408,54.9928,54.44,,
6/11/2023,54.9408,54.6526,54.9472,54.4,,
6/4/2023,54.4025,54.617,54.7972,54.345,,
5/28/2023,54.3312,54.5931,54.7412,54.275,,
5/21/2023,54.2835,54.5787,54.6929,54.24,,
5/14/2023,54.2547,54.5619,54.6589,54.21,,
5/7/2023,54.2211,54.4677,54.658,54.205,,
4/30/2023,54.1929,54.5362,54.6013,54.14,,
4/23/2023,54.1696,54.4939,54.5625,54.06,,
4/16/2023,54.4939,54.4661,54.577,54,,
4/9/2023,54.4661,54.2546,54.5675,53.97,,
4/2/2023,54.4296,54.4027,54.4385,53.9,,
3/26/2023,54.4027,53.861,54.4971,53.8251,,
3/19/2023,53.8704,53.8404,54.1401,53.8063,,
3/12/2023,53.73,53.8234,54.1202,53.725,,
3/5/2023,53.7966,53.7775,54.0656,53.705,,
2/26/2023,53.7579,53.784,54.0453,53.7,,
2/19/2023,53.7176,53.7523,54.0274,53.625,,
2/12/2023,53.6543,53.7108,53.9809,53.575,,
2/5/2023,53.5819,53.6837,53.8498,53.5,,
1/29/2023,53.5171,53.654,53.7847,53.455,,
1/22/2023,53.4577,53.638,53.7584,53.475,,
1/15/2023,53.4257,53.6255,53.8129,53.5636,,
1/8/2023,53.4006,53.6115,53.8753,53.5751,,
1/1/2023,53.3728,53.5945,54.0058,53.5787,,
12/25/2022,53.3387,53.5622,53.7453,53.5491,,
12/18/2022,53.2742,53.5249,53.6371,53.4572,,
12/11/2022,53.1996,53.491,53.5596,53.3368,,
12/4/2022,53.1316,53.4557,53.529,53.3041,,
11/27/2022,53.061,53.4318,53.541,52.975,,
11/20/2022,53.4318,53.4137,53.4861,52.925,,
11/13/2022,53.4137,53.3968,53.4165,52.875,,
11/6/2022,53.3968,53.3783,53.4137,52.85,,
10/30/2022,53.3783,53.3553,53.381,52.875,,
10/23/2022,53.3553,52.945,53.3553,52.75,,
10/16/2022,52.7964,52.9102,53.0604,52.72,,
10/9/2022,52.7267,52.8775,53.2215,52.6,,
10/2/2022,52.6614,52.8415,52.9247,52.55,,
9/25/2022,52.5893,52.8292,52.9018,52.525,,
9/18/2022,52.5646,52.8147,52.9566,52.49,,
9/11/2022,52.5357,52.7992,52.9878,52.49,,
9/4/2022,52.5047,52.7837,52.9274,52.5,,
8/28/2022,52.4738,52.7554,52.9099,52.4,,
8/21/2022,52.4171,52.7232,52.8571,52.35,,
8/14/2022,52.3527,52.6866,52.7751,52.23,,
8/7/2022,52.6866,52.6537,52.73,52.2,,
7/31/2022,52.6537,52.6182,52.6858,52.125,,
7/24/2022,52.6182,52.601,52.6326,52.075,,
7/17/2022,52.601,52.1945,52.6137,52.1541,,
7/10/2022,52.0734,52.1749,52.329,52.1489,,
7/3/2022,52.0344,52.1575,52.2946,52.1388,,
6/26/2022,51.9995,52.0965,52.3441,51.8957,,
6/19/2022,51.9169,52.0698,52.2859,51.8786,,
6/12/2022,51.824,52.0195,52.0831,51.7528,,
6/5/2022,51.7235,51.9729,52.0247,51.64,,
5/29/2022,51.6302,51.9339,52.051,51.56,,
5/22/2022,51.5523,51.9115,51.9391,51.515,,
5/15/2022,51.9115,51.7312,51.9823,51.49,,
5/8/2022,51.8915,51.8694,51.9119,51.4,,
5/1/2022,51.8694,51.8573,51.9357,51.35,,
4/24/2022,51.8573,51.8155,51.8652,51.27,,
4/17/2022,51.297,51.4804,51.6716,51.225,,
4/10/2022,51.213,51.4268,51.5827,51.125,,
4/3/2022,51.1056,51.3785,51.5113,51.075,,
3/27/2022,51.0091,51.3494,51.3811,50.975,,
3/20/2022,51.3494,51.3245,51.3521,50.9,,
3/13/2022,51.3245,51.3018,51.416,50.865,,
3/6/2022,51.3018,51.0708,51.3045,50.825,,
2/27/2022,51.2762,51.2573,51.305,50.78,,
2/20/2022,51.2573,50.8093,51.3161,50.6,,
2/13/2022,50.6187,50.5717,51.0158,50.3217,,
2/6/2022,50.3236,50.5136,50.7467,50.1337,,
1/30/2022,50.5136,49.8354,50.5136,49.8,,
1/23/2022,49.7684,49.7524,50.0434,49.63,,
1/16/2022,49.6025,49.7063,49.8505,49.5723,,
1/9/2022,49.4752,49.6101,49.7226,49.3718,,
1/2/2022,49.3177,49.548,49.7108,49.2858,,
12/26/2021,49.1936,49.4024,49.6851,48.9,,
12/19/2021,49.4024,48.8307,49.4024,48.575,,
12/12/2021,48.6125,48.6863,48.8331,48.3,,
12/5/2021,48.6863,48.5488,48.6912,48.125,,
11/28/2021,48.5488,48.1963,48.5488,47.8999,,
11/21/2021,48.1963,48.1237,48.2163,47.8988,,
11/14/2021,48.1237,47.5897,48.1544,47.5897,,
11/7/2021,47.5201,47.5154,47.744,47.25,,
10/31/2021,47.3716,47.4389,47.6883,47.175,,
10/24/2021,47.2184,47.2952,47.4412,46.925,,
10/17/2021,47.2952,47.1842,47.2999,46.625,,
10/10/2021,47.1842,46.5181,47.1842,46.4716,,
10/3/2021,46.435,46.3809,46.6379,46.26,,
9/26/2021,46.1606,46.3086,46.3901,46,,
9/19/2021,46.016,46.2351,46.4398,45.925,,
9/12/2021,46.2351,46.1618,46.2444,45.7675,,
9/5/2021,46.1618,45.7246,46.1665,45.6659,,
8/29/2021,45.5692,45.6271,45.7971,45.5802,,
8/22/2021,45.3742,45.4872,45.6363,45.2,,
8/15/2021,45.4872,45.0881,45.4918,44.85,,
8/8/2021,44.8261,44.9349,45.0971,44.6154,,
8/1/2021,44.9349,44.3908,44.9874,44.3022,,
7/25/2021,44.3046,44.316,44.4796,44.21,,
7/18/2021,44.1551,44.2567,44.3316,43.9724,,
7/11/2021,44.0365,43.9591,44.2567,43.9126,,
7/4/2021,43.8932,43.8862,44.2966,43.8087,,
6/27/2021,43.7474,43.8182,43.9505,43.54,,
6/20/2021,43.6114,43.7464,43.8294,43.3088,,
6/13/2021,43.4677,43.6787,43.7508,43.3,,
6/6/2021,43.6787,43.6097,43.6836,43.15,,
5/30/2021,43.6097,43.5251,43.6393,43.05,,
5/23/2021,43.5251,42.8887,43.5619,42.7,,
5/16/2021,42.7679,42.7275,42.965,42.5,,
5/9/2021,42.4454,42.6012,42.7318,42.23,,
5/2/2021,42.6012,42.1025,42.6055,41.82,,
4/25/2021,41.9424,42.0418,42.1178,41.785,,
4/18/2021,41.821,41.7753,42.0522,41.7466,,
4/11/2021,41.6753,41.6377,41.8029,41.325,,
4/4/2021,41.5227,41.5646,41.6674,41.4968,,
3/28/2021,41.3765,41.438,41.5691,41.304,,
3/21/2021,41.438,41.2855,41.4464,41.2734,,
3/14/2021,41.2855,40.6194,41.2897,40.4118,,
3/7/2021,40.5067,40.4714,40.649,40.175,,
2/28/2021,40.2107,40.3518,40.4754,39.9,,
2/21/2021,40.3518,40.2665,40.3559,39.8,,
2/14/2021,40.2665,40.0933,40.2665,39.65,,
2/7/2021,40.0933,40.0398,40.0974,39.39,,
1/31/2021,40.0398,39.4845,40.0398,39.295,,
1/24/2021,39.4355,39.4546,39.614,39.295,,
1/17/2021,39.3757,39.4309,39.5726,39.25,,
1/10/2021,39.3284,39.4062,39.5251,39.225,,
1/3/2021,39.2789,39.3572,39.4753,39.2,,
12/27/2020,39.1809,39.2346,39.3945,39.1311,,
12/20/2020,38.9858,39.1319,39.2675,38.785,,
12/13/2020,39.1319,38.4485,39.144,38.41,,
12/6/2020,38.25,38.3512,38.5761,38.2953,,
11/29/2020,38.2372,38.248,38.4284,38,,
11/22/2020,38.0307,38.1842,38.2556,37.9306,,
11/15/2020,37.9031,38.1199,38.1918,37.8,,
11/8/2020,38.1199,38.0631,38.1279,37.7054,,
11/1/2020,38.0631,38.006,38.067,37.55,,
10/25/2020,38.006,37.4446,38.0471,37.3541,,
10/18/2020,37.381,37.3503,37.5453,37.1,,
10/11/2020,37.1925,37.2582,37.3735,37,,
10/4/2020,37.0082,36.9653,37.2657,36.8,,
9/27/2020,36.8223,36.8938,37.0064,36.685,,
9/20/2020,36.6794,36.8399,36.9017,36.605,,
9/13/2020,36.5714,36.7841,36.8509,36.45,,
9/6/2020,36.7841,36.745,36.7975,36.42,,
8/30/2020,36.745,36.069,36.7524,36.0528,,
8/23/2020,36.0905,35.989,36.2409,35.9532,,
8/16/2020,35.8465,35.8721,36.0261,35.6504,,
8/9/2020,35.6127,35.7892,35.8932,35.3471,,
8/2/2020,35.25,35.2243,35.585,35.147,,
7/26/2020,35.1413,35.2537,35.3164,35.0499,,
7/19/2020,35.1,35.35,35.3839,34.5,,
7/12/2020,34.95,35.2809,35.3621,35.09,,
7/5/2020,35.0669,35.2435,35.2915,35.0782,,
6/28/2020,35.0158,34.16,35.2625,33.9524,,
6/21/2020,34.2314,34.3545,34.5064,34.126,,
6/14/2020,34.28,34.7243,34.8058,34.2134,,
6/7/2020,34.7243,34.45,34.7403,34.1386,,
5/31/2020,34.0733,34.25,34.4604,33.9621,,
5/24/2020,33.932,33.99,34.2788,33.8308,,
5/17/2020,33.81,34.0965,34.31,33.73,,
5/10/2020,33.813,32.92,34.2057,32.92,,
5/3/2020,33.47,33,33.7153,32.8975,,
4/26/2020,33.41,33.29,33.5816,32.9017,,
4/19/2020,33.1336,32.57,33.7589,32.4553,,
4/12/2020,32.9669,32.81,33.3368,32.5298,,
4/5/2020,33.15,33.05,33.18,32.4916,,
3/29/2020,33.05,33.095,33.3134,32.62,,
3/22/2020,33.095,32.9674,33.095,32.4829,,
3/15/2020,32.5,32.7751,33.0084,32.3123,,
3/8/2020,32.4,32.6431,32.8097,32.2667,,
3/1/2020,32.6431,32.03,32.653,32.03,,
2/23/2020,32.2,32.03,32.6059,31.79,,
2/16/2020,32.1343,32.03,32.2863,31.5774,,
2/9/2020,31.8741,32.03,32.24,31.837,,
2/2/2020,32.0629,32.03,32.231,31.5657,,
1/26/2020,31.89,32.03,32.2515,31.7027,,
1/19/2020,32.15,32.03,32.1865,31.6772,,
1/12/2020,31.85,32.03,32.186,31.7873,,
1/5/2020,32.22,32.005,32.2557,31.7798,,
12/29/2019,32.03,31.9354,32.1689,31.7798,,
12/22/2019,31.9,31.829,32.06,31.652,,
12/15/2019,31.8,31.698,31.9013,31.5669,,
12/8/2019,31.5403,31.2924,31.8361,31.2924,,
12/1/2019,31.4774,30.7689,31.4774,30.44,,
11/24/2019,30.6158,30.2722,30.7877,30.05,,
11/17/2019,30.1216,29.6441,30.3124,29.32,,
11/10/2019,29.367,29.6218,29.91,29.3204,,
11/3/2019,29.71,29.5849,30,29.5045,,
10/27/2019,29.6555,29.5503,29.884,29.34,,
10/20/2019,29.7744,29.5095,29.8631,29.2568,,
10/13/2019,29.52,29.4755,29.8011,29.2862,,
10/6/2019,29.56,29.4418,29.68,29.279,,
9/29/2019,29.62,29.4091,29.71,29.145,,
9/22/2019,29.55,29.3844,29.65,29.3276,,
9/15/2019,29.4229,29.3413,29.615,29.1444,,
9/8/2019,29.4394,29.3288,29.5462,29.11,,
9/1/2019,29.33,29.2981,29.63,29.15,,
8/25/2019,29.1524,29.2591,29.65,28.9848,,
8/18/2019,29.2473,29.2369,29.3565,29.0848,,
8/11/2019,29.1857,29.2148,29.3122,29.0671,,
8/4/2019,28.9883,28.8554,29.1551,28.7486,,
7/28/2019,29.0477,28.8554,29.1609,28.7239,,
7/21/2019,29.05,28.8554,29.12,28.6268,,
7/14/2019,28.9799,28.8554,29.19,28.6122,,
7/7/2019,29.05,28.8554,29.1992,28.71,,
6/30/2019,28.98,28.8554,29.2179,28.845,,
6/23/2019,29.05,28.8554,29.1544,28.5688,,
6/16/2019,29.05,28.8554,29.2197,28.7514,,
6/9/2019,29.219,28.8554,29.2595,28.6642,,
6/2/2019,28.7119,28.8554,29.2295,28.7927,,
5/26/2019,29.172,28.8902,29.1964,28.66,,
5/19/2019,28.7119,28.8554,29.2027,28.6758,,
5/12/2019,29.1371,28.8139,29.1514,28.4648,,
5/5/2019,28.945,28.7863,29.1029,28.55,,
4/28/2019,28.6431,28.7587,29.0772,28.5658,,
4/21/2019,28.92,28.7242,29.0865,28.6857,,
4/14/2019,28.9,28.6896,29.0429,28.6662,,
4/7/2019,28.8071,28.6622,28.9652,28.46,,
3/31/2019,28.9328,28.6278,28.9758,28.445,,
3/24/2019,28.64,28.5849,28.855,28.43,,
3/17/2019,28.621,28.4711,28.75,28.2659,,
3/10/2019,28.635,28.4711,28.7216,28.3121,,
3/3/2019,28.6544,28.4711,28.745,28.1385,,
2/24/2019,28.575,28.4438,28.7261,28.31,,
2/17/2019,28.59,28.4097,28.719,28.27,,
2/10/2019,28.46,28.3757,28.7297,28.34,,
2/3/2019,28.565,28.3484,28.655,28.0221,,
1/27/2019,28.3033,28.2975,28.6686,28.0581,,
1/20/2019,28.5442,28.2607,28.6307,28.23,,
1/13/2019,28.47,28.2387,28.6455,28.0835,,
1/6/2019,28.3316,28.202,28.6341,27.89,,
12/30/2018,28.4555,28.1647,28.5063,28.0121,,
12/23/2018,28.21,28.1192,28.4869,27.9932,,
12/16/2018,28.3911,28.0812,28.4051,27.715,,
12/9/2018,28.17,27.9,28.295,27.8272,,
12/2/2018,27.98,28.0313,28.2878,27.9054,,
11/25/2018,27.8813,27.9325,28.1792,27.8498,,
11/18/2018,27.8464,27.9186,28.1243,27.8498,,
11/11/2018,27.8186,27.92,28.1093,27.8498,,
11/4/2018,27.7838,27.8992,28.0969,27.8498,,
10/28/2018,27.7492,27.863,28.0796,27.7843,,
10/21/2018,27.7162,27.7843,28.0466,27.6389,,
10/14/2018,27.6843,27.7843,28.0875,27.5194,,
10/7/2018,27.6525,27.7525,27.99,27.4923,,
9/30/2018,27.6207,27.7274,28.1004,27.623,,
9/23/2018,27.5889,27.7158,28.0782,27.6054,,
9/16/2018,27.5658,27.6869,27.8629,27.6532,,
9/9/2018,27.5369,27.6282,27.94,27.5628,,
9/2/2018,27.5138,27.6323,27.6753,27.4923,,
8/26/2018,27.4849,27.5984,27.7724,27.4923,,
8/19/2018,27.4588,27.5751,27.7871,27.47,,
8/12/2018,27.7201,27.5419,27.8202,27.4996,,
8/5/2018,27.4119,27.5259,27.7424,27.4901,,
7/29/2018,27.3859,27.5079,27.718,27.467,,
7/22/2018,27.3604,27.5629,27.5802,27.4501,,
7/15/2018,27.5629,27.4379,27.6679,27.4354,,
7/8/2018,27.5506,27.423,27.6556,27.397,,
7/1/2018,27.5383,27.5261,27.6181,27.3752,,
6/24/2018,27.5261,27.3945,27.5947,27.3828,,
6/17/2018,27.5247,27.5233,27.6047,27.3795,,
6/10/2018,27.5233,27.3901,27.5917,27.3682,,
6/3/2018,27.5222,27.3878,27.66,27.362,,
5/27/2018,27.5208,27.3866,27.5758,27.3614,,
5/20/2018,27.5201,27.3745,27.625,27.3303,,
5/13/2018,27.5194,27.5187,27.597,27.3324,,
5/6/2018,27.5187,27.5181,27.5737,27.3555,,
4/29/2018,27.5181,27.5175,27.5967,27.3508,,
4/22/2018,27.5175,27.421,27.5766,27.3555,,
4/15/2018,27.2437,27.3745,27.5723,27.3499,,
4/8/2018,27.2424,27.4197,27.5712,27.3555,,
4/1/2018,27.2411,27.3745,27.5706,27.3555,,
3/25/2018,27.2399,27.373,27.57,27.3545,,
3/18/2018,27.2372,27.367,27.67,27.3515,,
3/11/2018,27.2345,27.367,27.685,27.3412,,
3/4/2018,27.2317,27.3605,27.655,27.3485,,
2/25/2018,27.2289,27.3605,27.675,27.3354,,
2/18/2018,27.56,27.3605,27.655,27.3477,,
2/11/2018,27.2263,27.3605,27.655,27.2485,,
2/4/2018,27.2249,27.36,27.6,27.248,,
1/28/2018,27.2236,27.356,27.655,27.246,,
1/21/2018,27.2206,27.345,27.675,27.3405,,
1/14/2018,27.2165,27.345,27.665,27.3405,,
1/7/2018,27.56,27.345,27.6914,27.3405,,
12/31/2017,27.2092,27.3345,27.68,27.3253,,
12/24/2017,27.41,27.333,27.675,27.2345,,
12/17/2017,27.1969,27.323,27.63,27.3145,,
12/10/2017,27.3936,27.315,27.58,27.2255,,
12/3/2017,27.35,27.3015,27.4964,27.2185,,
11/26/2017,27.423,27.2675,27.4992,27.2015,,
11/19/2017,27.3718,27.2405,27.48,27.188,,
11/12/2017,27.4086,27.2125,27.475,27.174,,
11/5/2017,27.3379,27.1655,27.4614,27.1505,,
10/29/2017,27.2848,27.14,27.45,27.1256,,
10/22/2017,27.2685,27.115,27.49,26.9838,,
10/15/2017,26.9799,27.0775,27.4264,26.955,,
10/8/2017,27.3029,23.529,27.3664,23.498,,
10/1/2017,23.6457,23.4975,23.7324,23.133,,
9/24/2017,23.591,23.483,23.73,23.4133,,
9/17/2017,23.62,23.458,23.715,23.4125,,
9/10/2017,23.57,23.4285,23.696,23.3759,,
9/3/2017,23.5979,23.3915,23.7112,23.3915,,
8/27/2017,23.55,23.3915,23.675,23.304,,
8/20/2017,23.4937,23.3735,23.5495,23.295,,
8/13/2017,23.5744,23.347,23.5884,23.3095,,
8/6/2017,23.231,23.307,23.5762,23.2665,,
7/30/2017,23.45,23.307,23.58,23.2615,,
7/23/2017,23.4747,23.278,23.581,23.247,,
7/16/2017,23.35,23.2615,23.5374,23.1885,,
7/9/2017,23.4006,23.2235,23.5072,23.2079,,
7/2/2017,23.4244,23.2235,23.5,23.02,,
6/25/2017,23.3258,23.1695,23.445,23.07,,
6/18/2017,23.2997,23.1515,23.436,23.055,,
6/11/2017,23.3,23.133,23.42,23.045,,
6/4/2017,23.25,23.0855,23.2998,23.005,,
5/28/2017,23.215,23.068,23.3096,22.96,,
5/21/2017,23,23.045,23.2736,22.89,,
5/14/2017,23.0949,23.0165,23.1926,22.615,,
5/7/2017,23.2,22.976,23.28,22.885,,
4/30/2017,23.06,22.9705,23.2411,22.81,,
4/23/2017,23.1247,22.888,23.2411,22.835,,
4/16/2017,23,22.888,23.128,22.745,,
4/9/2017,23.02,22.888,23.1334,22.735,,
4/2/2017,22.79,22.855,23.08,22.685,,
3/26/2017,22.955,22.8385,23.0565,22.6,,
3/19/2017,22.9,22.8055,23.0273,22.565,,
3/12/2017,22.7,22.762,23.025,22.495,,
3/5/2017,22.7876,22.8301,22.9671,22.5871,,
2/26/2017,22.7293,22.799,22.912,22.6319,,
2/19/2017,22.83,22.861,22.95,22.62,,
2/12/2017,22.775,22.895,22.9773,22.625,,
2/5/2017,22.681,22.6976,22.8314,22.3736,,
1/29/2017,22.785,22.792,22.9,22.595,,
1/22/2017,22.71,22.783,22.9734,22.51,,
1/15/2017,22.71,22.766,22.8791,22.6141,,
1/8/2017,22.65,22.683,22.8,22.43,,
1/1/2017,22.65,22.654,22.7,22.45,,
12/25/2016,22.4,22.553,22.68,22.18,,
12/18/2016,22.605,22.586,22.745,22.375,,
12/11/2016,22.5425,22.5538,22.7998,22.1598,,
12/4/2016,22.5425,22.5228,22.7998,22.2798,,
11/27/2016,22.5441,22.4852,22.5723,22.2182,,
11/20/2016,22.46,22.44,22.505,22.31,,
11/13/2016,22.4476,22.4722,22.6292,22.3693,,
11/6/2016,22.3,22.281,22.44,22.12,,
10/30/2016,22.3451,22.3583,22.4672,22.1522,,
10/23/2016,22.2417,22.3567,22.4258,22.2417,,
10/16/2016,22.39,22.4043,22.5123,22.3023,,
10/9/2016,22.2,22.333,22.42,22.2,,
10/2/2016,22.305,22.304,22.42,22.214,,
9/25/2016,22.18,22.239,22.3002,22.05,,
9/18/2016,22.26,22.259,22.38,22.1192,,
9/11/2016,22.1902,22.2771,22.3521,22.0421,,
9/4/2016,22.0921,22.1771,22.292,22.0871,,
8/28/2016,22.14,22.16,22.3228,22.05,,
8/21/2016,22.13,22.152,22.21,22.03,,
8/14/2016,22.1112,22.1572,22.2631,22.0632,,
8/7/2016,22.11,22.204,22.26,22.0881,,
7/31/2016,22.1,22.121,22.24,22.0182,,
7/24/2016,22.0913,22.1691,22.2931,22.0731,,
7/17/2016,22.0552,22.12,22.317,21.9269,,
7/10/2016,22.15,22.181,22.35,21.98,,
7/3/2016,21.9124,22.0722,22.1742,21.9042,,
6/26/2016,21.9,22.002,22.095,21.7658,,
6/19/2016,22.0002,21.833,22.032,21.642,,
6/12/2016,21.7777,21.8003,22.0493,21.5693,,
6/5/2016,21.73,21.841,22.01,21.6985,,
5/29/2016,21.8309,21.9047,22.1357,21.6437,,
5/22/2016,22.01,21.771,22.0902,21.57,,
5/15/2016,21.68,21.767,21.9,21.63,,
5/8/2016,21.66,21.658,21.77,21.5655,,
5/1/2016,21.6465,21.706,21.7335,21.5922,,
4/24/2016,21.6503,21.6999,21.7218,21.6074,,
4/17/2016,21.6474,21.6808,21.6928,21.5548,,
4/10/2016,21.5905,21.7067,21.7472,21.5117,,
4/3/2016,21.555,21.603,21.66,21.51,,
3/27/2016,21.5965,21.5989,21.6579,21.4629,,
3/20/2016,21.555,21.438,21.5855,21.3228,,
3/13/2016,21.4666,21.5558,21.5988,21.3968,,
3/6/2016,21.372,21.4497,21.6117,21.2117,,
2/28/2016,21.4405,21.4797,21.5322,21.2617,,
2/21/2016,21.455,21.417,21.515,21.3225,,
2/14/2016,21.362,21.4044,21.4828,21.2432,,
2/7/2016,21.355,21.407,21.4577,21.3125,,
1/31/2016,21.375,21.354,21.4222,21.2595,,
1/24/2016,21.3655,21.334,21.405,21.1919,,
1/17/2016,21.3605,21.3997,21.4566,21.2921,,
1/10/2016,21.2801,21.29,21.318,21.1955,,
1/3/2016,21.3291,21.2936,21.3666,21.2026,,
12/27/2015,21.187,21.167,21.187,20.6407,,
12/20/2015,21.167,21.151,21.167,20.6407,,
12/13/2015,21.2406,21.2876,21.3166,20.3939,,
12/6/2015,21.255,21.186,21.255,20.533,,
11/29/2015,20.7421,21.186,21.186,20.6378,,
11/22/2015,21.075,21.166,21.186,20.6009,,
11/15/2015,21.0197,21.138,21.2,20.8044,,
11/8/2015,21.15,21.126,21.155,21.0098,,
11/1/2015,21.116,21.2122,21.3261,21.1061,,
10/25/2015,21.155,21.086,21.155,20.9905,,
10/18/2015,21.08,21.066,21.13,20.97,,
10/11/2015,21.109,21.0911,21.1252,20.9992,,
10/4/2015,21.065,21.0431,21.0971,20.8685,,
9/27/2015,21.01,21.02,21.095,20.7296,,
9/20/2015,20.945,20.994,21.0561,20.8217,,
9/13/2015,21.005,21.069,21.125,20.915,,
9/6/2015,21.025,20.954,21.05,20.8575,,
8/30/2015,20.8575,20.934,20.954,20.8375,,
8/23/2015,20.8375,20.914,20.934,20.8175,,
8/16/2015,20.8175,20.8961,20.9161,20.7996,,
8/9/2015,20.955,20.874,20.955,20.7775,,
8/2/2015,20.9311,20.854,21,20.75,,
7/26/2015,20.98,20.834,20.98,20.61,,
7/19/2015,20.78,20.814,20.97,20.61,,
7/12/2015,20.8017,20.7878,20.9498,20.5998,,
7/5/2015,20.66,20.778,21.02,20.61,,
6/28/2015,20.66,20.758,21.25,20.57,,
6/21/2015,20.749,20.738,20.83,20.57,,
6/14/2015,20.73,20.717,20.82,20.55,,
6/7/2015,20.74,20.748,20.86,20.6,,
5/31/2015,20.78,20.808,20.89,20.63,,
5/24/2015,20.58,20.713,20.728,20.5,,
5/17/2015,20.64,20.713,20.733,20.58,,
5/10/2015,20.55,20.674,20.693,20.498,,
5/3/2015,20.62,20.719,20.73,20.56,,
4/26/2015,20.63,20.673,20.689,20.48,,
4/19/2015,20.575,20.7,20.718,20.525,,
4/12/2015,20.475,20.63,20.65,20.475,,
4/5/2015,20.615,20.726,20.74,20.485,,
3/29/2015,20.46,20.612,20.631,20.44,,
3/22/2015,20.58,20.633,20.652,20.5,,
3/15/2015,20.48,20.614,20.633,20.43,,
3/8/2015,20.5,20.611,20.634,20.5,,
3/1/2015,20.575,20.624,20.645,20.575,,
2/22/2015,20.51,20.48,20.52,20.4,,
2/15/2015,20.455,20.466,20.485,20.355,,
2/8/2015,20.48,20.481,20.501,20.4,,
2/1/2015,20.4,20.468,20.491,20.3,,
1/25/2015,20.405,20.511,20.523,20.405,,
1/18/2015,20.39,20.482,20.496,20.38,,
1/11/2015,20.39,20.464,20.482,20.34,,
1/4/2015,20.36,20.44,20.454,20.23,,
12/28/2014,20.35,20.512,20.53,20.29,,
12/21/2014,20.35,20.474,20.492,20.3,,
12/14/2014,20.215,20.207,20.224,20.05,,
12/7/2014,20.2,20.33,20.347,20.18,,
11/30/2014,20.25,20.373,20.39,20.25,,
11/23/2014,20.25,20.306,20.323,20.15,,
11/16/2014,20.305,20.294,20.315,20.215,,
11/9/2014,20.155,20.256,20.284,20.145,,
11/2/2014,20.15,20.275,20.281,20.12,,
10/26/2014,20.15,20.246,20.255,20.15,,
10/19/2014,20.155,20.277,20.291,20.145,,
10/12/2014,20.13,20.21,20.232,20.1,,
10/5/2014,20.0095,19.9865,20.0095,19.7995,,
9/28/2014,20.1,20.214,20.237,20.05,,
9/21/2014,20.097,20.143,20.167,20.003,,
9/14/2014,20.06,20.163,20.19,20,,
9/7/2014,20.102,20.107,20.121,19.918,,
8/31/2014,19.898,19.874,19.898,19.874,,
8/24/2014,19.874,19.852,19.874,19.852,,
8/17/2014,19.8445,19.8355,19.8585,19.8355,,
8/10/2014,19.905,20.001,20.025,19.895,,
8/3/2014,19.95,20.033,20.056,19.85,,
7/27/2014,19.92,20.075,20.093,19.91,,
7/20/2014,19.905,19.997,20.02,19.865,,
7/13/2014,19.865,19.954,19.977,19.835,,
7/6/2014,19.765,19.855,19.874,19.755,,
6/29/2014,19.76,19.74,19.76,19.74,,
6/22/2014,19.589,19.589,19.589,19.589,,
6/15/2014,19.589,19.589,19.589,19.589,,
6/8/2014,19.5805,19.5805,19.5805,19.5805,,
6/1/2014,19.7,19.665,19.7,19.665,,
5/25/2014,19.5625,19.5185,19.5625,19.5185,,
5/18/2014,19.518,19.518,19.518,19.518,,
5/11/2014,19.518,19.507,19.518,19.507,,
5/4/2014,19.6,19.352,19.6,19.352,,
4/27/2014,19.57,19.67,19.67,19.57,,
4/20/2014,19.4735,19.4435,19.4735,19.4435,,
4/13/2014,19.4435,19.4395,19.4435,19.4395,,
4/6/2014,19.4395,19.4135,19.4395,19.4135,,
3/30/2014,19.4135,19.3845,19.4135,19.3665,,
3/23/2014,19.3685,19.3685,19.3685,19.3685,,
3/16/2014,19.34,19.34,19.34,19.34,,
3/9/2014,19.34,19.336,19.34,19.336,,
3/2/2014,19.28,19.265,19.29,19.265,,
2/23/2014,19.265,19.23,19.269,19.2,,
2/16/2014,19.23,19.228,19.249,19.215,,
2/9/2014,19.228,19.205,19.229,19.195,,
2/2/2014,19.205,19.14,19.209,19.14,,
1/26/2014,19.14,19.15,19.174,19.14,,
1/19/2014,19.15,19.135,19.17,19.135,,
1/12/2014,19.135,19.095,19.147,19.095,,
1/5/2014,19.105,19.11,19.124,19.105,,
12/29/2013,19.11,19.065,19.116,19.05,,
12/22/2013,19.065,19.075,19.101,19.065,,
12/15/2013,19.075,19.063,19.082,19.05,,
12/8/2013,19.061,19.048,19.063,19.025,,
12/1/2013,19.085,19.078,19.085,19.078,,
11/24/2013,19.07,19.056,19.07,19.056,,
11/17/2013,19.052,19.023,19.052,19.023,,
11/10/2013,19.023,19.023,19.023,19.023,,
11/3/2013,19.0155,19.0035,19.0155,19.0035,,
10/27/2013,18.9865,18.9735,18.9865,18.9735,,
10/20/2013,18.9735,18.9565,18.9735,18.9565,,
10/13/2013,18.9565,18.9455,18.9565,18.9455,,
10/6/2013,18.945,18.931,18.945,18.894,,
9/29/2013,18.931,18.916,18.931,18.916,,
9/22/2013,18.916,18.905,18.916,18.894,,
9/15/2013,18.905,18.89,18.905,18.89,,
9/8/2013,18.89,18.878,18.89,18.878,,
9/1/2013,18.878,18.864,18.878,18.864,,
8/25/2013,18.8635,18.8455,18.8635,18.8455,,
8/18/2013,18.8455,18.8335,18.8455,18.8335,,
8/11/2013,18.8335,18.8185,18.8335,18.8185,,
8/4/2013,18.8185,18.8065,18.8185,18.7935,,
7/28/2013,18.8065,18.7925,18.8065,18.7925,,
7/21/2013,18.7925,18.7785,18.7925,18.7785,,
7/14/2013,18.7785,18.67,18.7785,18.67,,
7/7/2013,18.7635,18.656,18.7635,18.656,,
6/30/2013,18.7495,18.643,18.7495,18.643,,
6/23/2013,18.736,18.627,18.736,18.627,,
6/16/2013,18.72,18.61,18.72,18.61,,
6/9/2013,18.703,18.592,18.703,18.592,,
6/2/2013,18.685,18.573,18.685,18.573,,
5/26/2013,18.666,18.557,18.666,18.557,,
5/19/2013,18.65,18.537,18.65,18.537,,
5/12/2013,18.6295,18.516,18.6295,18.516,,
5/5/2013,18.609,18.497,18.609,18.497,,
4/28/2013,18.5895,18.485,18.5895,18.485,,
4/21/2013,18.5775,18.467,18.5775,18.467,,
4/14/2013,18.559,18.448,18.559,18.448,,
4/7/2013,18.6,18.428,18.648,18.4,,
3/31/2013,18.52,18.409,18.52,18.409,,
3/24/2013,18.501,18.389,18.501,18.389,,
3/17/2013,18.481,18.37,18.547,18.37,,
3/10/2013,18.462,18.35,18.523,18.35,,
3/3/2013,18.4415,18.33,18.4415,18.33,,
2/24/2013,18.4215,18.316,18.4215,18.316,,
2/17/2013,18.4075,18.298,18.4075,18.298,,
2/10/2013,18.3895,18.28,18.3895,18.28,,
2/3/2013,18.3715,18.262,18.4375,18.262,,
1/27/2013,18.3535,18.241,18.4225,18.241,,
1/20/2013,18.44,18.23,18.51,18.23,,
1/13/2013,18.3215,18.212,18.3865,18.212,,
1/6/2013,18.3035,18.195,18.3035,18.195,,
12/30/2012,18.2855,18.181,18.3395,18.181,,
12/23/2012,18.2715,18.163,18.3215,18.163,,
12/16/2012,18.254,18.146,18.319,18.146,,
12/9/2012,18.2365,18.128,18.3005,18.128,,
12/2/2012,18.2185,18.111,18.2835,18.111,,
11/25/2012,18.2015,18.094,18.2015,18.083,,
11/18/2012,18.1845,18.076,18.1845,18.076,,
11/11/2012,18.1665,18.059,18.1665,18.059,,
11/4/2012,18.149,18.042,18.213,18.042,,
10/28/2012,18.1315,18.025,18.1315,18.025,,
10/21/2012,18.115,18.012,18.115,18.012,,
10/14/2012,18.102,17.996,18.166,17.996,,
10/7/2012,18.086,17.98,18.15,17.98,,
9/30/2012,18.07,17.963,18.133,17.963,,
9/23/2012,18.053,17.948,18.117,17.948,,
9/16/2012,18.0375,17.935,18.0375,17.935,,
9/9/2012,18.0245,17.923,18.0885,17.923,,
9/2/2012,18.0125,17.907,18.0765,17.907,,
8/26/2012,17.9965,17.892,18.0605,17.892,,
8/19/2012,17.9815,17.876,18.0465,17.876,,
8/12/2012,17.965,17.863,18.031,17.863,,
8/5/2012,17.9525,17.847,18.0165,17.847,,
7/29/2012,17.9365,17.832,18.0005,17.832,,
7/22/2012,17.921,17.813,17.983,17.813,,
7/15/2012,17.902,17.79,17.964,17.79,,
7/8/2012,17.8785,17.762,17.8785,17.762,,
7/1/2012,17.9395,17.73,17.9805,17.73,,
6/24/2012,17.819,17.699,17.819,17.699,,
6/17/2012,17.7875,17.669,17.7875,17.669,,
6/10/2012,17.7515,17.639,17.8175,17.639,,
6/3/2012,17.7265,17.609,17.7265,17.609,,
5/27/2012,17.6965,17.586,17.6965,17.586,,
5/20/2012,17.6735,17.557,17.6735,17.557,,
5/13/2012,17.6445,17.528,17.6445,17.528,,
5/6/2012,17.6155,17.497,17.6805,17.497,,
4/29/2012,17.5845,17.468,17.5845,17.468,,
4/22/2012,17.5555,17.438,17.5555,17.18,,
4/15/2012,17.3635,17.416,17.5255,17.18,,
4/8/2012,17.5025,17.401,17.5025,17.18,,
4/1/2012,17.4875,17.39,17.4875,17.185,,
3/25/2012,17.477,17.378,17.539,17.378,,
3/18/2012,17.465,17.362,17.526,17.362,,
3/11/2012,17.449,17.352,17.513,17.352,,
3/4/2012,17.4385,17.338,17.4385,17.338,,
2/26/2012,17.4245,17.325,17.4885,17.23,,
2/19/2012,17.4115,17.314,17.4755,17.314,,
2/12/2012,17.4005,17.301,17.4615,17.301,,
2/5/2012,17.3875,17.287,17.4485,17.287,,
1/29/2012,17.3735,17.273,17.4345,17.273,,
1/22/2012,17.3595,17.208,17.4235,17.208,,
1/15/2012,17.294,17.208,17.409,17.208,,
1/8/2012,17.3335,17.208,17.4115,17.208,,
1/1/2012,17.294,17.208,17.294,17.208,,
12/25/2011,17.294,17.208,17.357,17.208,,
12/18/2011,17.294,17.195,17.355,17.195,,
12/11/2011,17.281,17.187,17.344,17.187,,
12/4/2011,17.2725,17.176,17.3325,17.176,,
11/27/2011,17.262,17.165,17.323,17.165,,
11/20/2011,17.2505,17.155,17.2505,17.155,,
11/13/2011,17.2405,17.144,17.3015,17.144,,
11/6/2011,17.2295,17.134,17.2885,17.134,,
10/30/2011,17.2195,17.124,17.2805,17.124,,
10/23/2011,17.2095,17.113,17.2695,17.113,,
10/16/2011,17.1985,17.102,17.2585,17.102,,
10/9/2011,17.1875,17.092,17.2485,17.092,,
10/2/2011,17.1775,17.081,17.2385,17.081,,
9/25/2011,17.1665,17.07,17.2275,17.07,,
9/18/2011,17.1555,17.06,17.1555,17.06,,
9/11/2011,17.145,17.049,17.205,17.049,,
9/4/2011,17.134,17.035,17.193,17.035,,
8/28/2011,17.12,17.023,17.179,17.023,,
8/21/2011,17.1085,17.009,17.1685,17.009,,
8/14/2011,17.094,16.995,17.154,16.995,,
8/7/2011,17.08,16.982,17.14,16.982,,
7/31/2011,17.0665,16.962,17.1255,16.962,,
7/24/2011,17.047,16.951,17.109,16.951,,
7/17/2011,17.0355,16.934,17.0355,16.934,,
7/10/2011,17.0185,16.923,17.0805,16.923,,
7/3/2011,17.0075,16.911,17.0075,16.911,,
6/26/2011,16.9955,16.882,17.0575,16.882,,
6/19/2011,16.966,16.882,17.027,16.882,,
6/12/2011,16.966,16.867,17.024,16.867,,
6/5/2011,16.9515,16.795,17.0095,16.795,,
5/29/2011,16.879,16.795,16.879,16.795,,
5/22/2011,16.879,16.795,16.879,16.795,,
5/15/2011,16.879,16.795,16.879,16.795,,
5/8/2011,16.879,16.783,16.94,16.783,,
5/1/2011,16.867,16.777,16.928,16.777,,
4/24/2011,16.8605,16.765,16.8605,16.765,,
4/17/2011,16.8485,16.75,16.8485,16.75,,
4/10/2011,16.8335,16.735,16.8335,16.735,,
4/3/2011,16.819,16.723,16.88,16.723,,
3/27/2011,16.8065,16.708,16.8655,16.708,,
3/20/2011,16.7915,16.694,16.8495,16.694,,
3/13/2011,16.7775,16.679,16.7775,16.679,,
3/6/2011,16.7625,16.664,16.8205,16.664,,
2/27/2011,16.7465,16.652,16.7465,16.652,,
2/20/2011,16.735,16.638,16.792,16.638,,
2/13/2011,16.721,16.624,16.778,16.624,,
2/6/2011,16.7065,16.612,16.7065,16.612,,
1/30/2011,16.695,16.595,16.752,16.595,,
1/23/2011,16.678,16.584,16.735,16.581,,
1/16/2011,16.6665,16.573,16.6665,16.573,,
1/9/2011,16.656,16.559,16.713,16.559,,
1/2/2011,16.6415,16.548,16.6415,16.548,,
12/26/2010,16.6305,16.535,16.6305,16.535,,
12/19/2010,16.6175,16.522,16.6175,16.522,,
12/12/2010,16.6045,16.509,16.6045,16.509,,
12/5/2010,16.5915,16.496,16.5915,16.496,,
11/28/2010,16.5785,16.483,16.6385,16.483,,
11/21/2010,16.5655,16.47,16.6425,16.47,,
11/14/2010,16.552,16.459,16.609,16.459,,
11/7/2010,16.5335,16.452,16.5335,16.452,,
10/31/2010,16.5175,16.436,16.5175,16.436,,
10/24/2010,16.5055,16.4237,16.5055,16.4237,,
10/17/2010,16.4985,16.4168,16.4985,16.4168,,
10/10/2010,16.4865,16.4047,16.4865,16.4047,,
10/3/2010,16.4685,16.446,16.4685,16.446,,
9/26/2010,16.4685,16.3868,16.4685,16.3868,,
9/19/2010,16.4565,16.375,16.4565,16.375,,
9/12/2010,16.4465,16.3652,16.4465,16.3652,,
9/5/2010,16.4365,16.3554,16.4365,16.3554,,
8/29/2010,16.4325,13.6262,16.4325,13.6262,,
8/22/2010,13.6825,13.6152,13.6825,13.6152,,
8/15/2010,13.6735,13.6064,13.6735,13.6064,,
8/8/2010,13.6605,13.5932,13.6605,13.5932,,
8/1/2010,13.6515,13.5844,13.6515,13.5844,,
7/25/2010,13.6455,13.607,13.6455,13.5778,,
7/18/2010,13.63,13.5604,13.63,13.5604,,
7/11/2010,13.705,13.6873,13.7123,13.68,,
7/4/2010,13.605,13.5386,13.605,13.5386,,
6/27/2010,13.595,13.5256,13.595,13.5256,,
6/20/2010,13.58,13.5148,13.58,13.5148,,
6/13/2010,13.575,13.5061,13.575,13.5061,,
6/6/2010,13.565,13.4953,13.565,13.4953,,
5/30/2010,13.555,13.4853,13.555,13.4853,,
5/23/2010,13.54,13.4721,13.54,13.4721,,
5/16/2010,13.535,13.4665,13.535,13.4665,,
5/9/2010,13.5183,13.451,13.5183,13.451,,
5/2/2010,13.52,13.451,13.52,13.451,,
4/25/2010,13.505,13.4396,13.505,13.4396,,
4/18/2010,13.495,13.4282,13.495,13.4282,,
4/11/2010,13.485,13.419,13.485,13.419,,
4/4/2010,13.4724,13.4053,13.4724,13.4053,,
3/28/2010,13.47,13.3934,13.47,13.3934,,
3/21/2010,13.44,13.42,13.44,13.42,,
3/14/2010,13.44,13.3742,13.44,13.3742,,
3/7/2010,13.425,13.3597,13.425,13.3597,,
2/28/2010,13.41,13.39,13.41,13.39,,
2/21/2010,13.41,13.6322,13.6522,13.3416,,
2/14/2010,13.645,13.6293,13.6543,13.62,,
2/7/2010,13.39,13.36,13.39,13.3224,,
1/31/2010,13.38,13.3117,13.38,13.3117,,
1/24/2010,12.735,12.6701,12.735,12.6701,,
1/17/2010,12.695,12.67,12.695,12.67,,
1/10/2010,12.695,12.67,12.695,12.67,,
1/3/2010,12.695,12.67,12.695,12.67,,
12/27/2009,12.695,12.634,12.695,12.634,,
12/20/2009,12.69,12.6245,12.69,12.6245,,
12/13/2009,12.655,12.63,12.655,12.63,,
12/6/2009,12.655,12.63,12.655,12.63,,
11/29/2009,12.655,12.63,12.655,12.63,,
11/22/2009,12.655,12.5899,12.655,12.5899,,
11/15/2009,12.645,12.5817,12.645,12.5817,,
11/8/2009,12.63,12.61,12.63,12.61,,
11/1/2009,12.63,12.5653,12.63,12.5653,,
10/25/2009,12.62,12.5591,12.62,12.5591,,
10/18/2009,12.615,12.5528,12.615,12.5528,,
10/11/2009,12.61,12.5465,12.61,12.5465,,
10/4/2009,12.605,12.5402,12.605,12.5402,,
9/27/2009,12.595,12.5332,12.595,12.5332,,
9/20/2009,12.59,12.5257,12.59,12.5257,,
9/13/2009,12.58,12.5182,12.58,12.5182,,
9/6/2009,12.575,12.5122,12.575,12.5122,,
8/30/2009,12.57,12.5062,12.57,12.5062,,
8/23/2009,12.56,12.4964,12.56,12.4964,,
8/16/2009,12.55,12.48,12.55,12.4899,,
8/9/2009,12.5,12.24,12.5,12.24,,
8/2/2009,11.34,11.17,11.34,11.17,,
7/26/2009,11.34,11.17,11.34,11.17,,
7/19/2009,11.34,11.17,11.34,11.17,,
7/12/2009,11.34,11.17,11.34,11.17,,
7/5/2009,11.34,11.17,11.34,11.17,,
6/28/2009,11.35,11.24,11.4,11.19,,
6/21/2009,11.375,11.16,11.375,11.16,,
6/14/2009,11.27,11.16,11.27,11.16,,
6/7/2009,11.27,11.16,11.27,11.16,,
5/31/2009,11.27,11.16,11.27,11.16,,
5/24/2009,11.27,11.16,11.27,11.16,,
5/17/2009,11.27,11.16,11.27,11.16,,
5/10/2009,11.27,11.125,11.27,11.125,,
5/3/2009,11.235,11.125,11.235,11.125,,
4/26/2009,11.235,11.125,11.235,11.125,,
4/19/2009,11.235,11.125,11.235,11.125,,
4/12/2009,11.235,11.09,11.235,11.07,,
4/5/2009,11.15,11.09,11.15,11.09,,
3/29/2009,11.2,11.09,11.2,11.09,,
3/22/2009,11.2,11.09,11.2,11.09,,
3/15/2009,11.2,11.09,11.2,11.09,,
3/8/2009,11.2,11.09,11.2,11.09,,
3/1/2009,11.2,11,11.2,11,,
2/22/2009,11.105,11,11.155,11,,
2/15/2009,11.105,10.84,11.105,10.84,,
2/8/2009,10.975,10.84,10.975,10.84,,
2/1/2009,10.975,10.79,10.975,10.79,,
1/25/2009,10.95,10.79,10.95,10.79,,
1/18/2009,10.95,10.59,10.95,10.59,,
1/11/2009,10.7,10.31,10.7,10.31,,
1/4/2009,10.41,9.79,10.41,9.79,,
12/28/2008,9.95,9.79,9.95,9.79,,
12/21/2008,9.925,9.79,9.925,9.79,,
12/14/2008,9.925,9.79,9.925,9.79,,
12/7/2008,9.925,9.79,9.925,9.79,,
11/30/2008,9.925,9.79,10.025,9.79,,
11/23/2008,9.825,9.79,9.825,9.79,,
11/16/2008,9.825,9.79,9.825,9.79,,
11/9/2008,9.825,9.69,9.825,9.69,,
11/2/2008,9.775,9.69,9.775,9.69,,
10/26/2008,9.775,9.69,9.7954,9.69,,
10/19/2008,9.775,9.69,9.7905,9.69,,
10/12/2008,9.775,9.69,9.7857,9.69,,
10/5/2008,9.775,9.69,9.7808,9.69,,
9/28/2008,9.775,9.69,9.775,9.69,,
9/21/2008,9.775,9.69,9.775,9.69,,
9/14/2008,9.775,9.69,9.775,9.69,,
9/7/2008,9.775,9.69,9.775,9.69,,
8/31/2008,9.775,9.69,9.775,9.69,,
8/24/2008,9.775,9.69,9.775,9.69,,
8/17/2008,9.775,9.69,9.775,9.69,,
8/10/2008,9.775,9.69,9.775,9.69,,
8/3/2008,9.775,9.69,9.775,9.69,,
7/27/2008,9.775,9.69,9.775,9.69,,
7/20/2008,9.775,9.69,9.775,9.69,,
7/13/2008,9.775,9.69,9.775,9.69,,
7/6/2008,9.765,9.67,9.765,9.67,,
6/29/2008,9.575,9.54,9.575,9.54,,
6/22/2008,9.6465,9.5985,9.6465,9.5985,,
6/15/2008,9.575,9.54,9.575,9.54,,
6/8/2008,9.6272,9.5793,9.6272,9.5793,,
6/1/2008,9.6175,9.5697,9.6175,9.5697,,
5/25/2008,9.6118,9.564,9.6118,9.564,,
5/18/2008,9.6002,9.5525,9.6002,9.5525,,
5/11/2008,9.5907,9.543,9.5907,9.543,,
5/4/2008,9.583,9.5353,9.583,9.5353,,
4/27/2008,9.5754,9.5277,9.5754,9.5277,,
4/20/2008,9.57,9.52,9.57,9.52,,
4/13/2008,9.56,9.51,9.56,9.51,,
4/6/2008,9.55,9.5,9.55,9.5,,
3/30/2008,9.51,9.46,9.51,9.46,,
3/23/2008,9.51,9.46,9.51,9.46,,
3/16/2008,9.52,9.47,9.52,9.47,,
3/9/2008,9.46,9.41,9.46,9.41,,
3/2/2008,9.32,9.27,9.32,9.27,,
2/24/2008,9.35,9.3,9.35,9.3,,
2/17/2008,9.32,9.27,9.32,9.27,,
2/10/2008,9.32,9.27,9.32,9.27,,
2/3/2008,9.3,9.25,9.3,9.25,,
1/27/2008,9.28,9.23,9.28,9.23,,
1/20/2008,9.25,9.2,9.25,9.2,,
1/13/2008,9.25,9.2,9.25,9.2,,
1/6/2008,9.2,9.15,9.2,9.15,,
12/30/2007,9.2,9.15,9.2,9.15,,
12/23/2007,9.2,9.15,9.2,9.15,,
12/16/2007,9.2,9.15,9.2,9.15,,
12/9/2007,9.09,9.04,9.09,9.04,,
12/2/2007,9.09,9.04,9.09,9.04,,
11/25/2007,9.09,9.04,9.09,9.04,,
11/18/2007,9.09,9.04,9.09,9.04,,
11/11/2007,9.09,9.04,9.09,9.04,,
11/4/2007,9.09,9.04,9.09,9.04,,
10/28/2007,9.09,9.04,9.09,9.04,,
10/21/2007,9.09,9.04,9.09,9.04,,
10/14/2007,9.0895,9.0395,9.0895,9.0395,,
10/7/2007,9.09,9.04,9.09,9.04,,
9/30/2007,9.0895,9.0395,9.0895,9.0395,,
9/23/2007,9.09,9.04,9.09,9.04,,
9/16/2007,9.09,9.04,9.09,9.04,,
9/9/2007,9.09,9.04,9.09,9.04,,
9/2/2007,9.09,9.04,9.09,9.04,,
8/26/2007,9.0803,9.0351,9.0803,9.0351,,
8/19/2007,9.08,9.03,9.08,9.03,,
8/12/2007,9.08,9.03,9.08,9.03,,
8/5/2007,9.08,9.03,9.08,9.03,,
7/29/2007,9.08,9.03,9.08,9.03,,
7/22/2007,9.07,9.02,9.07,9.02,,
7/15/2007,9.07,9.02,9.07,9.02,,
7/8/2007,9.08,9.03,9.08,9.03,,
7/1/2007,9.0747,9.0296,9.0747,9.0296,,
6/24/2007,9.0737,9.0285,9.0737,9.0285,,
6/17/2007,9.0727,9.0276,9.0727,9.0276,,
6/10/2007,9.0268,8.9819,9.0268,8.9819,,
6/3/2007,9.0258,8.9809,9.0258,8.9809,,
5/27/2007,8.998,8.9533,8.998,8.9533,,
5/20/2007,8.9792,8.9345,8.9792,8.9345,,
5/13/2007,8.4175,8.415,8.4175,8.415,,
5/6/2007,8.9325,8.8881,8.9325,8.8881,,
4/29/2007,8.9052,8.8609,8.9052,8.8609,,
4/22/2007,8.8897,8.8455,8.8897,8.8455,,
4/15/2007,8.8891,8.8449,8.8891,8.8449,,
4/8/2007,8.8886,8.8444,8.8886,8.8444,,
4/1/2007,8.8881,8.8439,8.8881,8.8439,,
3/25/2007,8.8873,8.8434,8.8873,8.8434,,
3/18/2007,8.887,8.8428,8.887,8.8428,,
3/11/2007,8.8865,8.8423,8.8865,8.8423,,
3/4/2007,8.8855,8.8413,8.8855,8.8413,,
2/25/2007,8.8855,8.8413,8.8855,8.8413,,
2/18/2007,8.8849,8.8407,8.8849,8.8407,,
2/11/2007,8.8844,8.8402,8.8844,8.8402,,
2/4/2007,8.8838,8.8396,8.8838,8.8396,,
1/28/2007,8.8476,8.8036,8.8476,8.8036,,
1/21/2007,8.8476,8.8036,8.8476,8.8036,,
1/14/2007,8.75,8.7,8.75,8.7,,
1/7/2007,8.8468,8.8028,8.8468,8.8028,,
12/31/2006,8.7983,8.7546,8.7983,8.7546,,
12/24/2006,8.7983,8.7546,8.7983,8.7546,,
12/17/2006,8.7983,8.7546,8.7983,8.7546,,
12/10/2006,8.7983,8.7546,8.7983,8.7546,,
12/3/2006,8.7499,8.7063,8.7499,8.7063,,
11/26/2006,8.7499,8.7063,8.7499,8.7063,,
11/19/2006,8.7492,8.7057,8.7492,8.7057,,
11/12/2006,8.7487,8.7052,8.7487,8.7052,,
11/5/2006,8.7481,8.7046,8.7481,8.7046,,
10/29/2006,8.7476,8.7041,8.7476,8.7041,,
10/22/2006,8.7471,8.7036,8.7471,8.7036,,
10/15/2006,8.7466,8.7031,8.7466,8.7031,,
10/8/2006,8.745,8.7,8.745,8.7,,
10/1/2006,8.7454,8.7019,8.7454,8.7019,,
9/24/2006,8.7452,8.7017,8.7452,8.7017,,
9/17/2006,8.7446,8.7011,8.7446,8.7011,,
9/10/2006,8.744,8.7005,8.744,8.7005,,
9/3/2006,8.7437,8.7002,8.7437,8.7002,,
8/27/2006,8.7429,8.6994,8.7429,8.6994,,
8/20/2006,8.7423,8.6988,8.7423,8.6988,,
8/13/2006,8.7418,8.6983,8.7418,8.6983,,
8/6/2006,8.7412,8.6977,8.7412,8.6977,,
7/30/2006,8.65,8.45,8.65,8.45,,
7/23/2006,8.65,8.45,8.65,8.45,,
7/16/2006,8.65,8.5,8.65,8.5,,
7/9/2006,8.739,8.6955,8.739,8.6955,,
7/2/2006,8.7384,8.6949,8.7384,8.6949,,
6/25/2006,8.7378,8.6944,8.7378,8.6944,,
6/18/2006,8.7368,8.6933,8.7368,8.6933,,
6/11/2006,8.7368,8.6933,8.7368,8.6933,,
6/4/2006,8.7362,8.6927,8.7362,8.6927,,
5/28/2006,8.7356,8.6922,8.7356,8.6922,,
5/21/2006,8.735,8.6916,8.735,8.6916,,
5/14/2006,8.7346,8.6911,8.7346,8.6911,,
5/7/2006,8.734,8.6905,8.734,8.6905,,
4/30/2006,8.7337,8.6902,8.7337,8.6902,,
4/23/2006,8.7331,8.6896,8.7331,8.6896,,
4/16/2006,8.65,8.5,8.65,8.5,,
4/9/2006,8.7317,8.6882,8.7317,8.6882,,
4/2/2006,8.7317,8.6882,8.7317,8.6882,,
3/26/2006,8.65,8.45,8.65,8.45,,
3/19/2006,8.6513,8.4525,8.6513,8.4525,,
3/12/2006,8.4175,8.415,8.4175,8.415,,
3/5/2006,8.7294,8.6859,8.7294,8.6859,,
2/26/2006,8.7289,8.6855,8.7289,8.6855,,
2/19/2006,8.7283,8.6849,8.7283,8.6849,,
2/12/2006,8.7278,8.6844,8.7278,8.6844,,
2/5/2006,8.7272,8.6838,8.7272,8.6838,,
1/29/2006,8.7267,8.6833,8.7267,8.6833,,
1/22/2006,8.7257,8.6823,8.7257,8.6823,,
1/15/2006,8.7257,8.6823,8.7257,8.6823,,
1/8/2006,8.4175,8.415,8.4175,8.415,,
1/1/2006,8.7236,8.6802,8.7236,8.6802,,
12/25/2005,8.7236,8.6802,8.7236,8.6802,,
12/18/2005,8.7236,8.6802,8.7236,8.6802,,
12/11/2005,8.7229,8.6795,8.7229,8.6795,,
12/4/2005,8.7223,8.6789,8.7223,8.6789,,
11/27/2005,8.7218,8.6784,8.7218,8.6784,,
11/20/2005,8.7211,8.6777,8.7211,8.6777,,
11/13/2005,8.7203,8.6769,8.7203,8.6769,,
11/6/2005,8.7196,8.6762,8.7196,8.6762,,
10/30/2005,8.7196,8.6762,8.7196,8.6762,,
10/23/2005,8.719,8.6756,8.719,8.6756,,
10/16/2005,8.7185,8.6751,8.7185,8.6751,,
10/9/2005,8.65,8.45,8.65,8.45,,
10/2/2005,8.7172,8.6739,8.7172,8.6739,,
9/25/2005,8.65,8.45,8.65,8.45,,
9/18/2005,8.7157,8.6723,8.7157,8.6723,,
9/11/2005,8.7157,8.6723,8.7157,8.6723,,
9/4/2005,8.715,8.6717,8.715,8.6717,,
8/28/2005,8.7145,8.6712,8.7145,8.6712,,
8/21/2005,8.714,8.6706,8.714,8.6706,,
8/14/2005,8.7133,8.6699,8.7133,8.6699,,
8/7/2005,8.65,8.45,8.65,8.45,,
7/31/2005,8.712,8.6687,8.712,8.6687,,
7/24/2005,8.7115,8.6682,8.7115,8.6682,,
7/17/2005,8.711,8.6676,8.711,8.6676,,
7/10/2005,8.6125,8.4125,8.6125,8.4125,,
7/3/2005,8.7098,8.6665,8.7098,8.6665,,
6/26/2005,8.6175,8.415,8.6175,8.415,,
6/19/2005,8.7084,8.6651,8.7084,8.6651,,
6/12/2005,8.615,8.415,8.615,8.415,,
6/5/2005,8.7072,8.6639,8.7072,8.6639,,
5/29/2005,8.7067,8.6634,8.7067,8.6634,,
5/22/2005,8.7061,8.6628,8.7061,8.6628,,
5/15/2005,8.4175,8.415,8.4175,8.415,,
5/8/2005,8.4175,8.415,8.4175,8.415,,
5/1/2005,8.64,8.465,8.64,8.465,,
4/24/2005,8.65,8.475,8.65,8.475,,
4/17/2005,8.65,8.475,8.65,8.475,,
4/10/2005,8.65,8.475,8.65,8.475,,
4/3/2005,8.7025,8.6592,8.7025,8.6592,,
3/27/2005,8.7019,8.6586,8.7019,8.6586,,
3/20/2005,8.6475,8.4725,8.6475,8.4725,,
3/13/2005,8.7007,8.6574,8.7007,8.6574,,
3/6/2005,8.7001,8.6568,8.7001,8.6568,,
2/27/2005,8.625,8.45,8.625,8.45,,
2/20/2005,8.625,8.5,8.625,8.5,,
2/13/2005,8.6984,8.6551,8.6984,8.6551,,
2/6/2005,8.6977,8.6545,8.6977,8.6545,,
1/30/2005,8.6972,8.6539,8.6972,8.6539,,
1/23/2005,8.6963,8.6531,8.6963,8.6531,,
1/16/2005,8.6963,8.6531,8.6963,8.6531,,
1/9/2005,8.6958,8.6525,8.6958,8.6525,,
1/2/2005,8.6,8.4,8.6,8.4,,
12/26/2004,8.6,8.4,8.6,8.4,,
12/19/2004,8.6936,8.6509,8.6936,8.6509,,
12/12/2004,8.6,8.4,8.6,8.4,,
12/5/2004,8.693,8.6498,8.693,8.6498,,
11/28/2004,8.6926,8.6493,8.6926,8.6493,,
11/21/2004,8.6918,8.6486,8.6918,8.6486,,
11/14/2004,8.6921,8.6481,8.6921,8.6481,,
11/7/2004,8.6,8.4,8.6,8.4,,
10/31/2004,8.625,8.4,8.625,8.4,,
10/24/2004,8.6897,8.6464,8.6897,8.6464,,
10/17/2004,8.6,8.4,8.6,8.4,,
10/10/2004,8.625,8.4,8.625,8.4,,
10/3/2004,8.6,8.4,8.6,8.4,,
9/26/2004,8.625,8.4,8.625,8.4,,
9/19/2004,8.6,8.4,8.6,8.4,,
9/12/2004,8.625,8.4,8.625,8.4,,
9/5/2004,8.6856,8.6424,8.6856,8.6424,,
8/29/2004,8.65,8.45,8.65,8.45,,
8/22/2004,8.6,8.45,8.6,8.45,,
8/15/2004,8.55,8.4,8.55,8.4,,
8/8/2004,8.575,8.4,8.575,8.4,,
8/1/2004,8.6,8.45,8.6,8.45,,
7/25/2004,8.6821,8.6389,8.6821,8.6389,,
7/18/2004,8.6815,8.6383,8.6815,8.6383,,
7/11/2004,8.6808,8.6376,8.6808,8.6376,,
7/4/2004,8.575,8.35,8.575,8.35,,
6/27/2004,8.6795,8.6363,8.6795,8.6363,,
6/20/2004,8.6788,8.6356,8.6788,8.6356,,
6/13/2004,8.6,8.35,8.6,8.35,,
6/6/2004,8.6771,8.6339,8.6771,8.6339,,
5/30/2004,8.575,8.3,8.575,8.3,,
5/23/2004,8.6,8.35,8.6,8.35,,
5/16/2004,8.575,8.3,8.575,8.3,,
5/9/2004,8.525,8.3,8.525,8.3,,
5/2/2004,8.525,8.3,8.525,8.3,,
4/25/2004,8.525,8.3,8.525,8.3,,
4/18/2004,8.525,8.3,8.525,8.3,,
4/11/2004,8.59,8.53,8.59,8.53,,
4/4/2004,8.59,8.53,8.59,8.53,,
3/28/2004,8.59,8.53,8.59,8.53,,
3/21/2004,8.55,8.35,8.55,8.35,,
3/14/2004,8.55,8.35,8.55,8.35,,
3/7/2004,8.55,8.35,8.55,8.35,,
2/29/2004,8.6,8.45,8.6,8.45,,
2/22/2004,8.6,8.45,8.6,8.45,,
2/15/2004,8.45,8.45,8.45,8.45,,
2/8/2004,8.45,8.45,8.45,8.45,,
2/1/2004,8.45,8.45,8.45,8.45,,
1/25/2004,8.6,8.45,8.6,8.45,,
1/18/2004,8.4,8.4,8.4,8.4,,
1/11/2004,8.4,8.4,8.4,8.4,,
1/4/2004,8.4,8.4,8.4,8.4,,
12/28/2003,8.4,8.4,8.4,8.4,,
12/21/2003,8.4,8.4,8.4,8.4,,
12/14/2003,8.4,8.4,8.4,8.4,,
12/7/2003,8.4,8.4,8.4,8.4,,
11/30/2003,8.4,8.4,8.4,8.4,,
11/23/2003,8.4,8.4,8.4,8.4,,
11/16/2003,8.4,8.4,8.4,8.4,,
11/9/2003,8.4,8.4,8.4,8.4,,
11/2/2003,8.4,8.4,8.4,8.4,,
10/26/2003,8.4,8.4,8.4,8.4,,
10/19/2003,8.4,8.4,8.4,8.4,,
10/12/2003,8.4,8.4,8.4,8.4,,
10/5/2003,8.4,8.4,8.4,8.4,,
9/28/2003,8.4,8.4,8.4,8.4,,
9/21/2003,8.4,8.4,8.4,8.4,,
9/14/2003,8.4,8.4,8.4,8.4,,
9/7/2003,8.4,8.4,8.4,8.4,,
8/31/2003,8.4,8.4,8.4,8.4,,
8/24/2003,8.4,8.4,8.4,8.4,,
8/17/2003,8.55,8.4,8.55,8.4,,
8/10/2003,8.45,8.3,8.45,8.3,,
8/3/2003,8.51,8.51,8.51,8.51,,
7/27/2003,8.58,8.51,8.58,8.51,,
7/20/2003,8.3,8.3,8.3,8.3,,
7/13/2003,8.3,8.3,8.3,8.3,,
7/6/2003,8.45,8.3,8.45,8.3,,
6/29/2003,8.575,8.5,8.575,8.5,,
6/22/2003,8.25,8.25,8.25,8.25,,
6/15/2003,8.5,8.5,8.5,8.5,,
6/8/2003,8.3,8.3,8.3,8.3,,
6/1/2003,8.3,8.3,8.3,8.3,,
5/25/2003,8.3,8.3,8.3,8.3,,
5/18/2003,8.3,8.3,8.3,8.3,,
5/11/2003,8.49,8.49,8.49,8.49,,
5/4/2003,8.49,8.49,8.49,8.49,,
4/27/2003,8.49,8.49,8.49,8.49,,
4/20/2003,8.49,8.49,8.49,8.49,,
4/13/2003,8.3,8.3,8.3,8.3,,
4/6/2003,8.3,8.3,8.3,8.3,,
3/30/2003,8.3,8.3,8.3,8.3,,
3/23/2003,8.3,8.3,8.3,8.3,,
3/16/2003,8.3,8.3,8.3,8.3,,
3/9/2003,8.3,8.3,8.3,8.3,,
3/2/2003,8.3,8.3,8.3,8.3,,
12/29/2002,8.3,8.3,8.3,8.3,,
12/22/2002,8.3,8.3,8.3,8.3,,
12/15/2002,8.3,8.3,8.3,8.3,,
12/8/2002,8.4,8.4,8.4,8.4,,
12/1/2002,8.4,8.4,8.4,8.4,,
11/24/2002,8.4833,8.4833,8.4833,8.4833,,
11/17/2002,8.4833,8.4833,8.4833,8.4833,,
11/10/2002,8.4833,8.4833,8.4833,8.4833,,
11/3/2002,8.4833,8.4833,8.4833,8.4833,,
10/27/2002,8.4833,8.4833,8.4833,8.4833,,
10/20/2002,8.4833,8.4833,8.4833,8.4833,,
10/13/2002,8.483,8.483,8.483,8.483,,
10/6/2002,8.483,8.483,8.483,8.483,,
9/29/2002,8.35,8.35,8.35,8.35,,
9/22/2002,8.463,8.463,8.463,8.463,,
9/15/2002,8.463,8.463,8.463,8.463,,
9/8/2002,8.3,8.3,8.3,8.3,,
9/1/2002,8.3,8.3,8.3,8.3,,
8/25/2002,8.3,8.3,8.3,8.3,,
8/18/2002,8.3,8.3,8.3,8.3,,
8/11/2002,8.3,8.3,8.3,8.3,,
8/4/2002,8.3,8.3,8.3,8.3,,
7/28/2002,8.3,8.3,8.3,8.3,,
7/21/2002,8.3,8.3,8.3,8.3,,
7/14/2002,8.3,8.3,8.3,8.3,,
7/7/2002,8.3,8.3,8.3,8.3,,
6/30/2002,8.3,8.3,8.3,8.3,,
6/23/2002,8.3,8.3,8.3,8.3,,
6/16/2002,8.4,8.4,8.4,8.4,,
6/9/2002,8.4,8.4,8.4,8.4,,
6/2/2002,8.4,8.4,8.4,8.4,,
5/26/2002,8.46,8.46,8.46,8.46,,
5/19/2002,8.46,8.46,8.46,8.46,,
5/12/2002,8.46,8.46,8.46,8.46,,
5/5/2002,8.36,8.36,8.36,8.36,,
4/28/2002,8.36,8.36,8.36,8.36,,
4/21/2002,8.36,8.36,8.36,8.36,,
4/14/2002,8.36,8.36,8.36,8.36,,
4/7/2002,8.36,8.36,8.36,8.36,,
3/31/2002,8.36,8.36,8.36,8.36,,
3/24/2002,8.36,8.36,8.36,8.36,,
3/17/2002,8.36,8.36,8.36,8.36,,
3/10/2002,8.36,8.36,8.36,8.36,,
3/3/2002,8.36,8.36,8.36,8.36,,
2/24/2002,8.36,8.36,8.36,8.36,,
2/17/2002,8.36,8.36,8.36,8.36,,
2/10/2002,8.36,8.36,8.36,8.36,,
2/3/2002,8.36,8.36,8.36,8.36,,
1/27/2002,8.38,8.38,8.38,8.38,,
1/20/2002,8.38,8.38,8.38,8.38,,
1/13/2002,8.45,8.45,8.45,8.45,,
1/6/2002,8.45,8.45,8.45,8.45,,
12/30/2001,8.467,8.467,8.467,8.467,,
12/23/2001,8.45,8.45,8.45,8.45,,
12/16/2001,8.45,8.45,8.45,8.45,,
12/9/2001,8.422,8.422,8.422,8.422,,
12/2/2001,8.422,8.422,8.422,8.422,,
11/25/2001,8.42,8.42,8.42,8.42,,
11/18/2001,8.435,8.435,8.435,8.435,,
11/11/2001,8.437,8.437,8.437,8.437,,
11/4/2001,8.435,8.435,8.435,8.435,,
10/28/2001,8.432,8.432,8.432,8.432,,
10/21/2001,8.43,8.43,8.43,8.43,,
10/14/2001,8.43,8.43,8.43,8.43,,
10/7/2001,8.4225,8.4225,8.4225,8.4225,,
9/30/2001,8.416,8.416,8.416,8.416,,
9/23/2001,8.416,8.416,8.416,8.416,,
9/16/2001,8.403,8.403,8.403,8.403,,
9/9/2001,8.403,8.403,8.403,8.403,,
9/2/2001,8.403,8.403,8.403,8.403,,
8/26/2001,8.397,8.397,8.397,8.397,,
8/19/2001,8.39,8.39,8.39,8.39,,
8/12/2001,8.335,8.335,8.335,8.335,,
8/5/2001,8.335,8.335,8.335,8.335,,
7/29/2001,8.335,8.335,8.335,8.335,,
7/22/2001,8.25,8.25,8.25,8.25,,
7/15/2001,8.335,8.335,8.335,8.335,,
7/8/2001,8.335,8.335,8.335,8.335,,
7/1/2001,8.335,8.335,8.335,8.335,,
6/24/2001,8.33,8.33,8.33,8.33,,
6/17/2001,8.33,8.33,8.33,8.33,,
6/10/2001,8.328,8.328,8.328,8.328,,
6/3/2001,8.35,8.35,8.35,8.35,,
5/27/2001,8.319,8.319,8.319,8.319,,
5/20/2001,8.267,8.267,8.267,8.267,,
5/13/2001,8.267,8.267,8.267,8.267,,
5/6/2001,8.267,8.267,8.267,8.267,,
4/29/2001,8.3,8.3,8.3,8.3,,
4/22/2001,8.296,8.296,8.296,8.296,,
4/15/2001,8.267,8.267,8.267,8.267,,
4/8/2001,8.2735,8.2735,8.2735,8.2735,,
4/1/2001,8.267,8.267,8.267,8.267,,
3/25/2001,8.268,8.268,8.268,8.268,,
3/18/2001,8.267,8.267,8.267,8.267,,
3/11/2001,8.25,8.25,8.25,8.25,,
3/4/2001,8.25,8.25,8.25,8.25,,
2/25/2001,8.258,8.258,8.258,8.258,,
2/18/2001,8.25,8.25,8.25,8.25,,
2/11/2001,8.1,8.1,8.1,8.1,,
2/4/2001,8.25,8.25,8.25,8.25,,
1/28/2001,8.25,8.25,8.25,8.25,,
1/21/2001,8.23,8.23,8.23,8.23,,
1/14/2001,7.583,7.583,7.583,7.583,,
1/7/2001,8.242,8.242,8.242,8.242,,
12/31/2000,8.238,8.238,8.238,8.238,,
12/24/2000,8.225,8.225,8.225,8.225,,
12/17/2000,8.21,8.21,8.21,8.21,,
12/10/2000,8.2025,8.2025,8.2025,8.2025,,
12/3/2000,8.21,8.21,8.21,8.21,,
11/26/2000,8.181,8.181,8.181,8.181,,
11/19/2000,8.165,8.165,8.165,8.165,,
11/12/2000,8.1485,8.1485,8.1485,8.1485,,
11/5/2000,8.1655,8.1655,8.1655,8.1655,,
10/29/2000,8.1605,8.1605,8.1605,8.1605,,
10/22/2000,8.1,8.1,8.1,8.1,,
10/15/2000,8.1,8.1,8.1,8.1,,
10/8/2000,8.148,8.148,8.148,8.148,,
10/1/2000,8.1477,8.1477,8.1477,8.1477,,
9/24/2000,8.146,8.146,8.146,8.146,,
9/17/2000,8.146,8.146,8.146,8.146,,
9/10/2000,8.145,8.145,8.145,8.145,,
9/3/2000,8.149,8.149,8.149,8.149,,
8/27/2000,8.142,8.142,8.142,8.142,,
8/20/2000,8.1405,8.1405,8.1405,8.1405,,
8/13/2000,8.1367,8.1367,8.1367,8.1367,,
8/6/2000,8.1405,8.1405,8.1405,8.1405,,
7/30/2000,8.136,8.136,8.136,8.136,,
7/23/2000,8.07,8.07,8.07,8.07,,
7/16/2000,8.06,8.06,8.06,8.06,,
7/9/2000,8.091,8.091,8.091,8.091,,
7/2/2000,8.0985,8.0985,8.0985,8.0985,,
6/25/2000,8.102,8.102,8.102,8.102,,
6/18/2000,8.102,8.102,8.102,8.102,,
6/11/2000,8.106,8.106,8.106,8.106,,
6/4/2000,8.108,8.108,8.108,8.108,,
5/28/2000,8.109,8.109,8.109,8.109,,
5/21/2000,8.1,8.1,8.1,8.1,,
5/14/2000,8.0843,8.0843,8.0843,8.0843,,
5/7/2000,8.0825,8.0825,8.0825,8.0825,,
4/30/2000,8.034,8.034,8.034,8.034,,
4/23/2000,8.0665,8.0665,8.0665,8.0665,,
4/16/2000,8.0695,8.0695,8.0695,8.0695,,
4/9/2000,8.0675,8.0675,8.0675,8.0675,,
4/2/2000,8.121,8.121,8.121,8.121,,
3/26/2000,8.121,8.121,8.121,8.121,,
3/19/2000,8.0633,8.0633,8.0633,8.0633,,
3/12/2000,8.0455,8.0455,8.0455,8.0455,,
3/5/2000,8.0329,8.0329,8.0329,8.0329,,
2/27/2000,8.0318,8.0318,8.0318,8.0318,,
2/20/2000,8.0323,8.0323,8.0323,8.0323,,
2/13/2000,8.0278,8.0278,8.0278,8.0278,,
2/6/2000,8.0279,8.0279,8.0279,8.0279,,
1/30/2000,7.99,7.99,7.99,7.99,,
1/23/2000,8.0351,8.0351,8.0351,8.0351,,
1/16/2000,8.02,8.02,8.02,8.02,,
1/9/2000,8,8,8,8,,
1/2/2000,7.97,7.97,7.97,7.97,,
12/26/1999,7.9987,7.9987,7.9987,7.9987,,
12/19/1999,8.015,8.015,8.015,8.015,,
12/12/1999,8.025,8.025,8.025,8.025,,
12/5/1999,8.02,8.02,8.02,8.02,,
11/28/1999,8,8,8,8,,
11/21/1999,8,8,8,8,,
11/14/1999,8.018,8.018,8.018,8.018,,
11/7/1999,8.121,8.121,8.121,8.121,,
10/31/1999,7.98,7.98,7.98,7.98,,
10/24/1999,8.0194,8.0194,8.0194,8.0194,,
10/17/1999,8.041,8.041,8.041,8.041,,
10/10/1999,8.014,8.014,8.014,8.014,,
10/3/1999,8.04,8.04,8.04,8.04,,
9/26/1999,8.04,8.04,8.04,8.04,,
9/19/1999,8.059,8.059,8.059,8.059,,
9/12/1999,7.9985,7.9985,7.9985,7.9985,,
9/5/1999,7.95,7.95,7.95,7.95,,
8/29/1999,8.004,8.004,8.004,8.004,,
8/22/1999,8.0127,8.0127,8.0127,8.0127,,
8/15/1999,8.025,8.025,8.025,8.025,,
8/8/1999,8.0125,8.0125,8.0125,8.0125,,
8/1/1999,7.93,7.93,7.93,7.93,,
7/25/1999,7.98,7.98,7.98,7.98,,
7/18/1999,8.021,8.021,8.021,8.021,,
7/11/1999,7.75,7.75,7.75,7.75,,
7/4/1999,7.78,7.78,7.78,7.78,,
6/27/1999,7.75,7.75,7.75,7.75,,
6/20/1999,7.8012,7.8012,7.8012,7.8012,,
6/13/1999,7.821,7.821,7.821,7.821,,
6/6/1999,7.775,7.775,7.775,7.775,,
5/30/1999,7.8093,7.8093,7.8093,7.8093,,
5/23/1999,7.7984,7.7984,7.7984,7.7984,,
5/16/1999,7.8278,7.8278,7.8278,7.8278,,
5/9/1999,7.7,7.7,7.7,7.7,,
5/2/1999,7.827,7.827,7.827,7.827,,
4/25/1999,7.8223,7.8223,7.8223,7.8223,,
4/18/1999,7.8141,7.8141,7.8141,7.8141,,
4/11/1999,6.988,6.988,6.988,6.988,,
4/4/1999,6.968,6.968,6.968,6.968,,
3/28/1999,7.8058,7.8058,7.8058,7.8058,,
3/21/1999,7.76,7.76,7.76,7.76,,
3/14/1999,7.6632,7.6632,7.6632,7.6632,,
3/7/1999,7.61,7.61,7.61,7.61,,
2/28/1999,7.5035,7.5035,7.5035,7.5035,,
2/21/1999,7.5006,7.5006,7.5006,7.5006,,
2/14/1999,7.4315,7.4315,7.4315,7.4315,,
2/7/1999,7.4443,7.4443,7.4443,7.4443,,
1/31/1999,7.4418,7.4418,7.4418,7.4418,,
1/24/1999,7.4285,7.4285,7.4285,7.4285,,
1/17/1999,7.3935,7.3935,7.3935,7.3935,,
1/10/1999,7.4389,7.4389,7.4389,7.4389,,
1/3/1999,7.437,7.437,7.437,7.437,,
12/27/1998,7.4119,7.4119,7.4119,7.4119,,
12/20/1998,6.988,6.988,6.988,6.988,,
12/13/1998,7.4325,7.4325,7.4325,7.4325,,
12/6/1998,7.407,7.407,7.407,7.407,,
11/29/1998,7.425,7.425,7.425,7.425,,
11/22/1998,7.3545,7.3545,7.3545,7.3545,,
11/15/1998,7.1965,7.1965,7.1965,7.1965,,
11/8/1998,7.1602,7.1602,7.1602,7.1602,,
11/1/1998,7.1305,7.1305,7.1305,7.1305,,
10/25/1998,7.1369,7.1369,7.1369,7.1369,,
10/18/1998,7.1602,7.1602,7.1602,7.1602,,
10/11/1998,7.1418,7.1418,7.1418,7.1418,,
10/4/1998,7.1141,7.1141,7.1141,7.1141,,
9/27/1998,7.0805,7.0805,7.0805,7.0805,,
9/20/1998,7.075,7.075,7.075,7.075,,
9/13/1998,7.0975,7.0975,7.0975,7.0975,,
9/6/1998,7.0965,7.0965,7.0965,7.0965,,
8/30/1998,7.101,7.101,7.101,7.101,,
8/23/1998,7.0015,7.0015,7.0015,7.0015,,
8/16/1998,7.0015,7.0015,7.0015,7.0015,,
8/9/1998,7.0015,7.0015,7.0015,7.0015,,
8/2/1998,7.0015,7.0015,7.0015,7.0015,,
7/26/1998,6.989,6.989,6.989,6.989,,
7/19/1998,6.958,6.958,6.958,6.958,,
7/12/1998,6.933,6.933,6.933,6.933,,
7/5/1998,6.919,6.919,6.919,6.919,,
6/28/1998,6.913,6.913,6.913,6.913,,
6/21/1998,6.919,6.919,6.919,6.919,,
6/14/1998,6.919,6.919,6.919,6.919,,
6/7/1998,6.919,6.919,6.919,6.919,,
5/31/1998,6.975,6.975,6.975,6.975,,
5/24/1998,6.983,6.983,6.983,6.983,,
5/17/1998,6.97,6.97,6.97,6.97,,
5/10/1998,6.9485,6.9485,6.9485,6.9485,,
5/3/1998,6.93,6.93,6.93,6.93,,
4/26/1998,5.914,5.914,5.914,5.914,,
4/19/1998,6.8911,6.8911,6.8911,6.8911,,
4/12/1998,6.831,6.831,6.831,6.831,,
4/5/1998,6.7935,6.7935,6.7935,6.7935,,
3/29/1998,6.7753,6.7753,6.7753,6.7753,,
3/22/1998,6.7915,6.7915,6.7915,6.7915,,
3/15/1998,6.7145,6.7145,6.7145,6.7145,,
3/8/1998,6.775,6.775,6.775,6.775,,
3/1/1998,6.793,6.793,6.793,6.793,,
2/22/1998,6.782,6.782,6.782,6.782,,
2/15/1998,6.7328,6.7328,6.7328,6.7328,,
2/8/1998,6.72,6.72,6.72,6.72,,
2/1/1998,6.7125,6.7125,6.7125,6.7125,,
1/25/1998,6.713,6.713,6.713,6.713,,
1/18/1998,6.6815,6.6815,6.6815,6.6815,,
1/11/1998,6.711,6.711,6.711,6.711,,
1/4/1998,6.712,6.712,6.712,6.712,,
12/28/1997,6.7,6.7,6.7,6.7,,
12/21/1997,6.7,6.7,6.7,6.7,,
12/14/1997,6.6975,6.6975,6.6975,6.6975,,
12/7/1997,6.652,6.652,6.652,6.652,,
11/30/1997,6.627,6.627,6.627,6.627,,
11/23/1997,6.6725,6.6725,6.6725,6.6725,,
11/16/1997,6.655,6.655,6.655,6.655,,
11/9/1997,6.64,6.64,6.64,6.64,,
11/2/1997,6.544,6.544,6.544,6.544,,
10/26/1997,6.685,6.685,6.685,6.685,,
10/19/1997,6.689,6.689,6.689,6.689,,
10/12/1997,6.696,6.696,6.696,6.696,,
10/5/1997,6.648,6.648,6.648,6.648,,
9/28/1997,6.688,6.688,6.688,6.688,,
9/21/1997,6.6915,6.6915,6.6915,6.6915,,
9/14/1997,6.635,6.635,6.635,6.635,,
9/7/1997,6.683,6.683,6.683,6.683,,
8/31/1997,6.724,6.724,6.724,6.724,,
8/24/1997,6.6825,6.6825,6.6825,6.6825,,
8/17/1997,6.6385,6.6385,6.6385,6.6385,,
8/10/1997,6.6015,6.6015,6.6015,6.6015,,
8/3/1997,6.582,6.582,6.582,6.582,,
7/27/1997,6.6215,6.6215,6.6215,6.6215,,
7/20/1997,6.5935,6.5935,6.5935,6.5935,,
7/13/1997,6.53,6.53,6.53,6.53,,
7/6/1997,6.5615,6.5615,6.5615,6.5615,,
6/29/1997,6.547,6.547,6.547,6.547,,
6/22/1997,6.5967,6.5967,6.5967,6.5967,,
6/15/1997,6.46,6.46,6.46,6.46,,
6/8/1997,6.489,6.489,6.489,6.489,,
6/1/1997,6.497,6.497,6.497,6.497,,
5/25/1997,6.45,6.45,6.45,6.45,,
5/18/1997,6.479,6.479,6.479,6.479,,
5/11/1997,6.47,6.47,6.47,6.47,,
5/4/1997,6.45,6.45,6.45,6.45,,
4/27/1997,6.45,6.45,6.45,6.45,,
4/20/1997,6.45,6.45,6.45,6.45,,
4/13/1997,6.423,6.423,6.423,6.423,,
4/6/1997,6.423,6.423,6.423,6.423,,
3/30/1997,6.414,6.414,6.414,6.414,,
3/23/1997,6.3705,6.3705,6.3705,6.3705,,
3/16/1997,6.308,6.308,6.308,6.308,,
3/9/1997,6.308,6.308,6.308,6.308,,
3/2/1997,6.351,6.351,6.351,6.351,,
2/23/1997,6.231,6.231,6.231,6.231,,
2/16/1997,6.231,6.231,6.231,6.231,,
2/9/1997,6.231,6.231,6.231,6.231,,
2/2/1997,6.197,6.197,6.197,6.197,,
1/26/1997,6.197,6.197,6.197,6.197,,
1/19/1997,6.258,6.258,6.258,6.258,,
1/12/1997,6.2548,6.2548,6.2548,6.2548,,
1/5/1997,6.231,6.231,6.231,6.231,,
12/29/1996,6.1,6.1,6.1,6.1,,
12/22/1996,6.1,6.1,6.1,6.1,,
12/15/1996,6.1,6.1,6.1,6.1,,
12/8/1996,6.1952,6.1952,6.1952,6.1952,,
12/1/1996,6.1952,6.1952,6.1952,6.1952,,
11/24/1996,6.2181,6.2181,6.2181,6.2181,,
11/17/1996,6.2189,6.2189,6.2189,6.2189,,
11/10/1996,6.2053,6.2053,6.2053,6.2053,,
11/3/1996,6.231,6.231,6.231,6.231,,
10/27/1996,6,6,6,6,,
10/20/1996,6,6,6,6,,
10/13/1996,6,6,6,6,,
10/6/1996,6,6,6,6,,
9/29/1996,6,6,6,6,,
9/22/1996,6,6,6,6,,
9/15/1996,6,6,6,6,,
9/8/1996,6,6,6,6,,
9/1/1996,6,6,6,6,,
8/25/1996,6,6,6,6,,
8/18/1996,6,6,6,6,,
8/11/1996,6,6,6,6,,
8/4/1996,6,6,6,6,,
7/28/1996,6,6,6,6,,
7/21/1996,6,6,6,6,,
7/14/1996,6,6,6,6,,
7/7/1996,6,6,6,6,,
6/30/1996,6,6,6,6,,
6/23/1996,6,6,6,6,,
6/16/1996,6,6,6,6,,
6/9/1996,6,6,6,6,,
6/2/1996,6,6,6,6,,
5/26/1996,6,6,6,6,,
5/19/1996,6,6,6,6,,
5/12/1996,6,6,6,6,,
5/5/1996,6,6,6,6,,
4/28/1996,6,6,6,6,,
4/21/1996,6,6,6,6,,
4/14/1996,6,6,6,6,,
4/7/1996,6,6,6,6,,
3/31/1996,6.29,6.29,6.29,6.29,,
3/24/1996,8.5,8.5,8.5,8.5,,
3/17/1996,8.5,8.5,8.5,8.5,,
3/10/1996,8.5,8.5,8.5,8.5,,
3/3/1996,6.29,6.29,6.29,6.29,,
2/25/1996,6.29,6.29,6.29,6.29,,
2/18/1996,6.29,6.29,6.29,6.29,,
2/11/1996,5.8,5.8,5.8,5.8,,
2/4/1996,5.8,5.8,5.8,5.8,,
1/28/1996,5.8,5.8,5.8,5.8,,
1/21/1996,5.8,5.8,5.8,5.8,,
1/14/1996,5.8,5.8,5.8,5.8,,
1/7/1996,5.8,5.8,5.8,5.8,,
12/31/1995,5.8,5.8,5.8,5.8,,
12/24/1995,5.8,5.8,5.8,5.8,,
12/17/1995,5.8,5.8,5.8,5.8,,
12/10/1995,5.8,5.8,5.8,5.8,,
12/3/1995,5.8,5.8,5.8,5.8,,
11/26/1995,5.8,5.8,5.8,5.8,,
11/19/1995,5.8,5.8,5.8,5.8,,
11/12/1995,5.8,5.8,5.8,5.8,,
11/5/1995,5.8,5.8,5.8,5.8,,
10/29/1995,5.8,5.8,5.8,5.8,,
10/22/1995,5.8,5.8,5.8,5.8,,
10/15/1995,5.8,5.8,5.8,5.8,,
10/8/1995,5.8,5.8,5.8,5.8,,
10/1/1995,5.8,5.8,5.8,5.8,,
9/24/1995,5.8,5.8,5.8,5.8,,
9/17/1995,5.8,5.8,5.8,5.8,,
9/10/1995,5.8,5.8,5.8,5.8,,
9/3/1995,5.8,5.8,5.8,5.8,,
8/27/1995,5.8,5.8,5.8,5.8,,
8/20/1995,5.8,5.8,5.8,5.8,,
8/13/1995,5.8,5.8,5.8,5.8,,
8/6/1995,5.8,5.8,5.8,5.8,,
7/30/1995,5.8,5.8,5.8,5.8,,
7/23/1995,5.8,5.8,5.8,5.8,,
7/16/1995,5.8,5.8,5.8,5.8,,
7/9/1995,5.8,5.8,5.8,5.8,,
7/2/1995,5.77,5.77,5.77,5.77,,
6/25/1995,5.77,5.77,5.77,5.77,,
6/18/1995,5.77,5.77,5.77,5.77,,
6/11/1995,5.77,5.77,5.77,5.77,,
6/4/1995,5.77,5.77,5.77,5.77,,
5/28/1995,5.77,5.77,5.77,5.77,,
5/21/1995,5.77,5.77,5.77,5.77,,
5/14/1995,5.8,5.8,5.8,5.8,,
5/7/1995,5.8,5.8,5.8,5.8,,
4/30/1995,5.8,5.8,5.8,5.8,,
4/23/1995,5.8,5.8,5.8,5.8,,
4/16/1995,5.8,5.8,5.8,5.8,,
4/9/1995,5.8,5.8,5.8,5.8,,
4/2/1995,5.8,5.8,5.8,5.8,,
3/26/1995,5.8,5.8,5.8,5.8,,
3/19/1995,5.8,5.8,5.8,5.8,,
3/12/1995,5.5,5.5,5.5,5.5,,
3/5/1995,5.6,5.6,5.6,5.6,,
2/26/1995,5.42,5.42,5.42,5.42,,
2/19/1995,5.42,5.42,5.42,5.42,,
2/12/1995,5.42,5.42,5.42,5.42,,
2/5/1995,5.42,5.42,5.42,5.42,,
1/29/1995,5.42,5.42,5.42,5.42,,
1/22/1995,5.42,5.42,5.42,5.42,,
1/15/1995,5.42,5.42,5.42,5.42,,
1/8/1995,5.42,5.42,5.42,5.42,,
1/1/1995,5.42,5.42,5.42,5.42,,
12/25/1994,5.42,5.42,5.42,5.42,,
12/18/1994,5.42,5.42,5.42,5.42,,
12/11/1994,5.42,5.42,5.42,5.42,,
12/4/1994,5.42,5.42,5.42,5.42,,
11/27/1994,5.42,5.42,5.42,5.42,,
11/20/1994,5.42,5.42,5.42,5.42,,
11/13/1994,5.42,5.42,5.42,5.42,,
11/6/1994,5.42,5.42,5.42,5.42,,
10/30/1994,5.4,5.4,5.4,5.4,,
10/23/1994,5.4,5.4,5.4,5.4,,
10/16/1994,5.4,5.4,5.4,5.4,,
10/9/1994,5.4,5.4,5.4,5.4,,
10/2/1994,5.4,5.4,5.4,5.4,,
9/25/1994,5.4,5.4,5.4,5.4,,
9/18/1994,5.4,5.4,5.4,5.4,,
9/11/1994,5.49,5.49,5.49,5.49,,
9/4/1994,5.49,5.49,5.49,5.49,,
8/28/1994,5.49,5.49,5.49,5.49,,
8/21/1994,5.45,5.45,5.45,5.45,,
8/14/1994,5.45,5.45,5.45,5.45,,
8/7/1994,5.45,5.45,5.45,5.45,,
7/31/1994,5.45,5.45,5.45,5.45,,
7/24/1994,5.49,5.49,5.49,5.49,,
7/17/1994,5.49,5.49,5.49,5.49,,
7/10/1994,5.49,5.49,5.49,5.49,,
7/3/1994,5.49,5.49,5.49,5.49,,
6/26/1994,5.5,5.5,5.5,5.5,,
6/19/1994,5.5,5.5,5.5,5.5,,
6/12/1994,5.5,5.5,5.5,5.5,,
6/5/1994,5.5,5.5,5.5,5.5,,
5/29/1994,4.95,4.95,4.95,4.95,,
5/22/1994,4.95,4.95,4.95,4.95,,
5/15/1994,4.95,4.95,4.95,4.95,,
5/8/1994,4.95,4.95,4.95,4.95,,
5/1/1994,4.94,4.94,4.94,4.94,,
4/24/1994,4.94,4.94,4.94,4.94,,
4/17/1994,4.93,4.93,4.93,4.93,,
4/10/1994,4.93,4.93,4.93,4.93,,
4/3/1994,4.93,4.93,4.93,4.93,,
3/27/1994,4.93,4.93,4.93,4.93,,
3/20/1994,4.93,4.93,4.93,4.93,,
3/13/1994,4.93,4.93,4.93,4.93,,
3/6/1994,4.93,4.93,4.93,4.93,,
2/27/1994,4.93,4.93,4.93,4.93,,
2/20/1994,4.93,4.93,4.93,4.93,,
2/13/1994,4.93,4.93,4.93,4.93,,
2/6/1994,4.93,4.93,4.93,4.93,,
1/30/1994,4.92,4.92,4.92,4.92,,
1/23/1994,4.93,4.93,4.93,4.93,,
,,,,,,
,,,,,,
,,,,,,
,,,,,,
,,,,,,
,,,,,,
,,,,,,
,,,,,,
,,,,,,
,,,,,,
,,,,,,
,,,,,,
,,,,,,
,,,,,,
,,,,,,
,,,,,,
,,,,,,
,,,,,,
,,,,,,
,,,,,,
,,,,,,
,,,,,,
,,,,,,
,,,,,,
,,,,,,
,,,,,,
,,,,,,
,,,,,,
,,,,,,
,,,,,,
,,,,,,
,,,,,,
,,,,,,
,,,,,,
,,,,,,
,,,,,,
,,,,,,
,,,,,,
,,,,,,
,,,,,,
,,,,,,
,,,,,,
,,,,,,
,,,,,,
,,,,,,
,,,,,,
,,,,,,
,,,,,,
,,,,,,
,,,,,,
,,,,,,
,,,,,,
,,,,,,
,,,,,,
,,,,,,
,,,,,,
,,,,,,
,,,,,,
,,,,,,
,,,,,,
,,,,,,
,,,,,,
,,,,,,
,,,,,,
,,,,,,
,,,,,,
,,,,,,
,,,,,,
,,,,,,
,,,,,,
,,,,,,
,,,,,,
,,,,,,
,,,,,,
,,,,,,
,,,,,,
,,,,,,
,,,,,,
,,,,,,
,,,,,,
,,,,,,
,,,,,,
,,,,,,
,,,,,,
,,,,,,
,,,,,,
,,,,,,
,,,,,,
,,,,,,
,,,,,,
,,,,,,
,,,,,,
,,,,,,
